Economy_Label,Q1 2006_Ranking_per_quarter_Value,Q1 2006_Ranking_per_quarter_Footnote,Q1 2006_Ranking_per_quarter_MissingValue,Q2 2006_Ranking_per_quarter_Value,Q2 2006_Ranking_per_quarter_Footnote,Q2 2006_Ranking_per_quarter_MissingValue,Q3 2006_Ranking_per_quarter_Value,Q3 2006_Ranking_per_quarter_Footnote,Q3 2006_Ranking_per_quarter_MissingValue,Q4 2006_Ranking_per_quarter_Value,Q4 2006_Ranking_per_quarter_Footnote,Q4 2006_Ranking_per_quarter_MissingValue,Q1 2007_Ranking_per_quarter_Value,Q1 2007_Ranking_per_quarter_Footnote,Q1 2007_Ranking_per_quarter_MissingValue,Q2 2007_Ranking_per_quarter_Value,Q2 2007_Ranking_per_quarter_Footnote,Q2 2007_Ranking_per_quarter_MissingValue,Q3 2007_Ranking_per_quarter_Value,Q3 2007_Ranking_per_quarter_Footnote,Q3 2007_Ranking_per_quarter_MissingValue,Q4 2007_Ranking_per_quarter_Value,Q4 2007_Ranking_per_quarter_Footnote,Q4 2007_Ranking_per_quarter_MissingValue,Q1 2008_Ranking_per_quarter_Value,Q1 2008_Ranking_per_quarter_Footnote,Q1 2008_Ranking_per_quarter_MissingValue,Q2 2008_Ranking_per_quarter_Value,Q2 2008_Ranking_per_quarter_Footnote,Q2 2008_Ranking_per_quarter_MissingValue,Q3 2008_Ranking_per_quarter_Value,Q3 2008_Ranking_per_quarter_Footnote,Q3 2008_Ranking_per_quarter_MissingValue,Q4 2008_Ranking_per_quarter_Value,Q4 2008_Ranking_per_quarter_Footnote,Q4 2008_Ranking_per_quarter_MissingValue,Q1 2009_Ranking_per_quarter_Value,Q1 2009_Ranking_per_quarter_Footnote,Q1 2009_Ranking_per_quarter_MissingValue,Q2 2009_Ranking_per_quarter_Value,Q2 2009_Ranking_per_quarter_Footnote,Q2 2009_Ranking_per_quarter_MissingValue,Q3 2009_Ranking_per_quarter_Value,Q3 2009_Ranking_per_quarter_Footnote,Q3 2009_Ranking_per_quarter_MissingValue,Q4 2009_Ranking_per_quarter_Value,Q4 2009_Ranking_per_quarter_Footnote,Q4 2009_Ranking_per_quarter_MissingValue,Q1 2010_Ranking_per_quarter_Value,Q1 2010_Ranking_per_quarter_Footnote,Q1 2010_Ranking_per_quarter_MissingValue,Q2 2010_Ranking_per_quarter_Value,Q2 2010_Ranking_per_quarter_Footnote,Q2 2010_Ranking_per_quarter_MissingValue,Q3 2010_Ranking_per_quarter_Value,Q3 2010_Ranking_per_quarter_Footnote,Q3 2010_Ranking_per_quarter_MissingValue,Q4 2010_Ranking_per_quarter_Value,Q4 2010_Ranking_per_quarter_Footnote,Q4 2010_Ranking_per_quarter_MissingValue,Q1 2011_Ranking_per_quarter_Value,Q1 2011_Ranking_per_quarter_Footnote,Q1 2011_Ranking_per_quarter_MissingValue,Q2 2011_Ranking_per_quarter_Value,Q2 2011_Ranking_per_quarter_Footnote,Q2 2011_Ranking_per_quarter_MissingValue,Q3 2011_Ranking_per_quarter_Value,Q3 2011_Ranking_per_quarter_Footnote,Q3 2011_Ranking_per_quarter_MissingValue,Q4 2011_Ranking_per_quarter_Value,Q4 2011_Ranking_per_quarter_Footnote,Q4 2011_Ranking_per_quarter_MissingValue,Q1 2012_Ranking_per_quarter_Value,Q1 2012_Ranking_per_quarter_Footnote,Q1 2012_Ranking_per_quarter_MissingValue,Q2 2012_Ranking_per_quarter_Value,Q2 2012_Ranking_per_quarter_Footnote,Q2 2012_Ranking_per_quarter_MissingValue,Q3 2012_Ranking_per_quarter_Value,Q3 2012_Ranking_per_quarter_Footnote,Q3 2012_Ranking_per_quarter_MissingValue,Q4 2012_Ranking_per_quarter_Value,Q4 2012_Ranking_per_quarter_Footnote,Q4 2012_Ranking_per_quarter_MissingValue,Q1 2013_Ranking_per_quarter_Value,Q1 2013_Ranking_per_quarter_Footnote,Q1 2013_Ranking_per_quarter_MissingValue,Q2 2013_Ranking_per_quarter_Value,Q2 2013_Ranking_per_quarter_Footnote,Q2 2013_Ranking_per_quarter_MissingValue,Q3 2013_Ranking_per_quarter_Value,Q3 2013_Ranking_per_quarter_Footnote,Q3 2013_Ranking_per_quarter_MissingValue,Q4 2013_Ranking_per_quarter_Value,Q4 2013_Ranking_per_quarter_Footnote,Q4 2013_Ranking_per_quarter_MissingValue,Q1 2014_Ranking_per_quarter_Value,Q1 2014_Ranking_per_quarter_Footnote,Q1 2014_Ranking_per_quarter_MissingValue,Q2 2014_Ranking_per_quarter_Value,Q2 2014_Ranking_per_quarter_Footnote,Q2 2014_Ranking_per_quarter_MissingValue,Q3 2014_Ranking_per_quarter_Value,Q3 2014_Ranking_per_quarter_Footnote,Q3 2014_Ranking_per_quarter_MissingValue,Q4 2014_Ranking_per_quarter_Value,Q4 2014_Ranking_per_quarter_Footnote,Q4 2014_Ranking_per_quarter_MissingValue,Q1 2015_Ranking_per_quarter_Value,Q1 2015_Ranking_per_quarter_Footnote,Q1 2015_Ranking_per_quarter_MissingValue,Q2 2015_Ranking_per_quarter_Value,Q2 2015_Ranking_per_quarter_Footnote,Q2 2015_Ranking_per_quarter_MissingValue,Q3 2015_Ranking_per_quarter_Value,Q3 2015_Ranking_per_quarter_Footnote,Q3 2015_Ranking_per_quarter_MissingValue,Q4 2015_Ranking_per_quarter_Value,Q4 2015_Ranking_per_quarter_Footnote,Q4 2015_Ranking_per_quarter_MissingValue,Q1 2016_Ranking_per_quarter_Value,Q1 2016_Ranking_per_quarter_Footnote,Q1 2016_Ranking_per_quarter_MissingValue,Q2 2016_Ranking_per_quarter_Value,Q2 2016_Ranking_per_quarter_Footnote,Q2 2016_Ranking_per_quarter_MissingValue,Q3 2016_Ranking_per_quarter_Value,Q3 2016_Ranking_per_quarter_Footnote,Q3 2016_Ranking_per_quarter_MissingValue,Q4 2016_Ranking_per_quarter_Value,Q4 2016_Ranking_per_quarter_Footnote,Q4 2016_Ranking_per_quarter_MissingValue,Q1 2017_Ranking_per_quarter_Value,Q1 2017_Ranking_per_quarter_Footnote,Q1 2017_Ranking_per_quarter_MissingValue,Q2 2017_Ranking_per_quarter_Value,Q2 2017_Ranking_per_quarter_Footnote,Q2 2017_Ranking_per_quarter_MissingValue,Q3 2017_Ranking_per_quarter_Value,Q3 2017_Ranking_per_quarter_Footnote,Q3 2017_Ranking_per_quarter_MissingValue,Q4 2017_Ranking_per_quarter_Value,Q4 2017_Ranking_per_quarter_Footnote,Q4 2017_Ranking_per_quarter_MissingValue,Q1 2018_Ranking_per_quarter_Value,Q1 2018_Ranking_per_quarter_Footnote,Q1 2018_Ranking_per_quarter_MissingValue,Q2 2018_Ranking_per_quarter_Value,Q2 2018_Ranking_per_quarter_Footnote,Q2 2018_Ranking_per_quarter_MissingValue,Q3 2018_Ranking_per_quarter_Value,Q3 2018_Ranking_per_quarter_Footnote,Q3 2018_Ranking_per_quarter_MissingValue,Q4 2018_Ranking_per_quarter_Value,Q4 2018_Ranking_per_quarter_Footnote,Q4 2018_Ranking_per_quarter_MissingValue,Q1 2019_Ranking_per_quarter_Value,Q1 2019_Ranking_per_quarter_Footnote,Q1 2019_Ranking_per_quarter_MissingValue,Q2 2019_Ranking_per_quarter_Value,Q2 2019_Ranking_per_quarter_Footnote,Q2 2019_Ranking_per_quarter_MissingValue,Q3 2019_Ranking_per_quarter_Value,Q3 2019_Ranking_per_quarter_Footnote,Q3 2019_Ranking_per_quarter_MissingValue,Q4 2019_Ranking_per_quarter_Value,Q4 2019_Ranking_per_quarter_Footnote,Q4 2019_Ranking_per_quarter_MissingValue,Q1 2020_Ranking_per_quarter_Value,Q1 2020_Ranking_per_quarter_Footnote,Q1 2020_Ranking_per_quarter_MissingValue,Q2 2020_Ranking_per_quarter_Value,Q2 2020_Ranking_per_quarter_Footnote,Q2 2020_Ranking_per_quarter_MissingValue,Q3 2020_Ranking_per_quarter_Value,Q3 2020_Ranking_per_quarter_Footnote,Q3 2020_Ranking_per_quarter_MissingValue,Q4 2020_Ranking_per_quarter_Value,Q4 2020_Ranking_per_quarter_Footnote,Q4 2020_Ranking_per_quarter_MissingValue,Q1 2021_Ranking_per_quarter_Value,Q1 2021_Ranking_per_quarter_Footnote,Q1 2021_Ranking_per_quarter_MissingValue,Q2 2021_Ranking_per_quarter_Value,Q2 2021_Ranking_per_quarter_Footnote,Q2 2021_Ranking_per_quarter_MissingValue,Q3 2021_Ranking_per_quarter_Value,Q3 2021_Ranking_per_quarter_Footnote,Q3 2021_Ranking_per_quarter_MissingValue,Q4 2021_Ranking_per_quarter_Value,Q4 2021_Ranking_per_quarter_Footnote,Q4 2021_Ranking_per_quarter_MissingValue,Q1 2022_Ranking_per_quarter_Value,Q1 2022_Ranking_per_quarter_Footnote,Q1 2022_Ranking_per_quarter_MissingValue,Q2 2022_Ranking_per_quarter_Value,Q2 2022_Ranking_per_quarter_Footnote,Q2 2022_Ranking_per_quarter_MissingValue,Q3 2022_Ranking_per_quarter_Value,Q3 2022_Ranking_per_quarter_Footnote,Q3 2022_Ranking_per_quarter_MissingValue,Q4 2022_Ranking_per_quarter_Value,Q4 2022_Ranking_per_quarter_Footnote,Q4 2022_Ranking_per_quarter_MissingValue,Q1 2023_Ranking_per_quarter_Value,Q1 2023_Ranking_per_quarter_Footnote,Q1 2023_Ranking_per_quarter_MissingValue,Q2 2023_Ranking_per_quarter_Value,Q2 2023_Ranking_per_quarter_Footnote,Q2 2023_Ranking_per_quarter_MissingValue,Q3 2023_Ranking_per_quarter_Value,Q3 2023_Ranking_per_quarter_Footnote,Q3 2023_Ranking_per_quarter_MissingValue,Q4 2023_Ranking_per_quarter_Value,Q4 2023_Ranking_per_quarter_Footnote,Q4 2023_Ranking_per_quarter_MissingValue,Q1 2024_Ranking_per_quarter_Value,Q1 2024_Ranking_per_quarter_Footnote,Q1 2024_Ranking_per_quarter_MissingValue,Q2 2024_Ranking_per_quarter_Value,Q2 2024_Ranking_per_quarter_Footnote,Q2 2024_Ranking_per_quarter_MissingValue,Q3 2024_Ranking_per_quarter_Value,Q3 2024_Ranking_per_quarter_Footnote,Q3 2024_Ranking_per_quarter_MissingValue,Q4 2024_Ranking_per_quarter_Value,Q4 2024_Ranking_per_quarter_Footnote,Q4 2024_Ranking_per_quarter_MissingValue,Q1 2025_Ranking_per_quarter_Value,Q1 2025_Ranking_per_quarter_Footnote,Q1 2025_Ranking_per_quarter_MissingValue,Q2 2025_Ranking_per_quarter_Value,Q2 2025_Ranking_per_quarter_Footnote,Q2 2025_Ranking_per_quarter_MissingValue,Q3 2025_Ranking_per_quarter_Value,Q3 2025_Ranking_per_quarter_Footnote,Q3 2025_Ranking_per_quarter_MissingValue
"Albania",,,,,,,,,,165,,,164,,,167,,,167,,,165,,,161,,,163,,,155,,,153,,,156,,,156,,,154,,,159,,,151,,,158,,,159,,,159,,,160,,,156,,,157,,,156,,,158,,,148,,,149,,,159,,,154,,,152,,,151,,,158,,,153,,,158,,,152,,,151,,,152,,,151,,,151,,,152,,,152,,,160,,,153,,,151,,,148,,,153,,,155,,,158,,,158,,,168,,,161,,,157,,,156,,,157,,,144,,,147,,,150,,,149,,,158,,,158,,,158,,,158,,,153,,,154,,,155,,,155,,,156,,,157,,,157,,,157,,,157,,,155,,,155,,,157,,,157,,,158,,,157,,,157,,,157,,
"Algeria",67,,,68,,,69,,,69,,,80,,,79,,,80,,,80,,,79,,,72,,,65,,,65,,,66,,,65,,,74,,,75,,,68,,,71,,,69,,,67,,,69,,,70,,,73,,,72,,,79,,,78,,,77,,,76,,,79,,,78,,,74,,,81,,,76,,,72,,,70,,,71,,,63,,,63,,,68,,,63,,,65,,,62,,,64,,,63,,,66,,,70,,,67,,,65,,,66,,,65,,,63,,,65,,,69,,,66,,,63,,,63,,,66,,,65,,,65,,,68,,,69,,,72,,,72,,,70,,,73,,,80,,,72,,,73,,,72,,,73,,,70,,,68,,,68,,,65,,,65,,,72,,,71,,,71,,,74,,
"American Samoa",112,,,113,,,92,,,98,,,98,,,97,,,98,,,105,,,107,,,105,,,110,,,111,,,113,,,111,,,127,,,126,,,127,,,134,,,137,,,137,,,136,,,130,,,139,,,142,,,140,,,141,,,142,,,146,,,146,,,144,,,139,,,136,,,139,,,142,,,143,,,136,,,137,,,135,,,135,,,134,,,131,,,141,,,134,,,127,,,128,,,125,,,126,,,129,,,130,,,130,,,126,,,126,,,126,,,128,,,126,,,120,,,119,,,118,,,118,,,121,,,119,,,118,,,114,,,114,,,113,,,113,,,114,,,113,,,113,,,114,,,118,,,118,,,119,,,122,,,125,,,125,,,126,,,127,,,126,,
"Angola",66,,,67,,,66,,,67,,,72,,,70,,,74,,,70,,,65,,,64,,,67,,,63,,,61,,,61,,,61,,,61,,,62,,,62,,,61,,,62,,,62,,,62,,,62,,,64,,,62,,,62,,,61,,,60,,,60,,,61,,,60,,,60,,,59,,,60,,,60,,,59,,,62,,,62,,,60,,,62,,,61,,,60,,,62,,,64,,,63,,,69,,,66,,,66,,,68,,,66,,,72,,,73,,,76,,,65,,,67,,,62,,,67,,,70,,,71,,,80,,,79,,,79,,,80,,,81,,,83,,,82,,,82,,,81,,,81,,,83,,,83,,,83,,,81,,,78,,,78,,,76,,,73,,,76,,,79,,
"Anguilla",163,,,163,,,,,,,,,,,,159,,,158,,,,,,,,,,,,,,,,,,,,,,,,,,,,,,,,,,,,,,,161,,,,,,,,,,,,161,,,161,,,163,,,163,,,166,,,163,,,164,,,164,,,164,,,164,,,165,,,165,,,165,,,164,,,164,,,162,,,165,,,155,,,150,,,147,,,148,,,149,,,150,,,150,,,150,,,147,,,149,,,149,,,146,,,158,,,158,,,160,,,160,,,157,,,158,,,159,,,159,,,159,,,159,,,156,,,,,,,,,,,,,,,,,,,,,,,,,,,,,,,,,,,,,,,,,,,,,,,,,,
"Antigua and Barbuda",123,,,123,,,120,,,122,,,124,,,123,,,119,,,123,,,122,,,124,,,125,,,125,,,125,,,122,,,118,,,121,,,121,,,119,,,122,,,129,,,127,,,127,,,125,,,131,,,129,,,134,,,135,,,137,,,133,,,134,,,133,,,132,,,134,,,133,,,134,,,138,,,136,,,133,,,142,,,143,,,147,,,157,,,158,,,158,,,154,,,154,,,149,,,149,,,145,,,155,,,156,,,155,,,157,,,145,,,147,,,150,,,149,,,148,,,148,,,146,,,143,,,142,,,141,,,142,,,117,,,118,,,121,,,121,,,120,,,123,,,122,,,123,,,127,,,126,,,126,,,126,,,127,,,129,,,127,,
"Argentina",38,,,38,,,40,,,40,,,40,,,41,,,42,,,41,,,39,,,39,,,38,,,39,,,40,,,43,,,42,,,43,,,43,,,41,,,41,,,41,,,42,,,42,,,44,,,44,,,42,,,42,,,41,,,40,,,41,,,38,,,42,,,43,,,42,,,40,,,41,,,42,,,41,,,41,,,46,,,49,,,50,,,44,,,45,,,47,,,48,,,47,,,46,,,45,,,45,,,49,,,45,,,45,,,51,,,48,,,47,,,46,,,49,,,47,,,49,,,49,,,52,,,50,,,50,,,50,,,48,,,48,,,50,,,49,,,51,,,50,,,52,,,53,,,51,,,51,,,49,,,51,,,49,,,47,,,50,,
"Aruba",116,,,114,,,125,,,124,,,122,,,122,,,121,,,121,,,117,,,118,,,124,,,126,,,126,,,117,,,113,,,114,,,110,,,108,,,107,,,105,,,98,,,97,,,98,,,117,,,109,,,113,,,111,,,122,,,117,,,119,,,121,,,121,,,127,,,128,,,126,,,117,,,117,,,121,,,124,,,122,,,117,,,116,,,126,,,129,,,133,,,134,,,132,,,120,,,118,,,113,,,113,,,114,,,114,,,117,,,117,,,121,,,117,,,116,,,116,,,112,,,113,,,110,,,118,,,128,,,133,,,136,,,138,,,142,,,142,,,144,,,145,,,145,,,143,,,140,,,136,,,138,,,148,,,148,,,149,,
"Australia",27,,,27,,,26,,,28,,,28,,,27,,,27,,,28,,,26,,,27,,,26,,,29,,,29,,,30,,,32,,,31,,,32,,,31,,,32,,,29,,,31,,,32,,,30,,,32,,,31,,,31,,,31,,,31,,,31,,,32,,,32,,,32,,,32,,,32,,,30,,,30,,,30,,,30,,,31,,,32,,,32,,,33,,,32,,,31,,,34,,,35,,,34,,,35,,,35,,,35,,,34,,,35,,,35,,,35,,,34,,,35,,,35,,,35,,,35,,,35,,,33,,,34,,,35,,,34,,,33,,,32,,,33,,,33,,,33,,,33,,,34,,,36,,,35,,,35,,,36,,,36,,,36,,,37,,,38,,
"Bahamas",70,,,75,,,79,,,80,,,79,,,77,,,79,,,75,,,77,,,78,,,73,,,76,,,76,,,71,,,71,,,68,,,63,,,63,,,63,,,63,,,64,,,63,,,66,,,65,,,63,,,68,,,67,,,65,,,66,,,66,,,67,,,68,,,68,,,66,,,64,,,64,,,65,,,69,,,71,,,67,,,67,,,64,,,60,,,59,,,64,,,58,,,62,,,60,,,62,,,64,,,66,,,64,,,61,,,58,,,55,,,57,,,56,,,64,,,59,,,57,,,57,,,53,,,53,,,58,,,59,,,59,,,60,,,60,,,62,,,62,,,62,,,62,,,61,,,57,,,58,,,58,,,70,,,72,,,62,,
"Bahrain",105,,,107,,,111,,,107,,,102,,,102,,,103,,,95,,,96,,,99,,,99,,,103,,,114,,,113,,,98,,,103,,,109,,,83,,,84,,,90,,,87,,,91,,,91,,,90,,,84,,,87,,,83,,,91,,,76,,,79,,,82,,,80,,,80,,,81,,,81,,,80,,,81,,,83,,,85,,,83,,,89,,,87,,,89,,,122,,,117,,,77,,,82,,,84,,,85,,,89,,,86,,,88,,,89,,,90,,,140,,,130,,,129,,,129,,,93,,,90,,,88,,,87,,,91,,,84,,,75,,,74,,,113,,,105,,,100,,,99,,,95,,,84,,,97,,,107,,,106,,,87,,,106,,,87,,,81,,
"Bangladesh",90,,,88,,,88,,,89,,,89,,,80,,,86,,,79,,,88,,,94,,,85,,,87,,,93,,,95,,,95,,,96,,,102,,,105,,,100,,,96,,,94,,,95,,,96,,,96,,,93,,,96,,,101,,,102,,,108,,,105,,,100,,,92,,,93,,,90,,,91,,,90,,,86,,,79,,,81,,,79,,,82,,,78,,,75,,,82,,,77,,,73,,,78,,,81,,,72,,,74,,,74,,,68,,,71,,,69,,,72,,,75,,,72,,,71,,,73,,,62,,,62,,,60,,,59,,,59,,,58,,,60,,,59,,,59,,,61,,,60,,,58,,,63,,,66,,,66,,,71,,,69,,,65,,,65,,,66,,
"Barbados",100,,,101,,,101,,,102,,,104,,,100,,,94,,,108,,,97,,,95,,,102,,,105,,,106,,,100,,,102,,,102,,,95,,,95,,,99,,,97,,,97,,,101,,,109,,,107,,,108,,,115,,,117,,,116,,,115,,,118,,,113,,,116,,,112,,,112,,,112,,,111,,,114,,,110,,,112,,,116,,,109,,,106,,,101,,,99,,,99,,,101,,,106,,,109,,,104,,,103,,,111,,,109,,,108,,,114,,,111,,,110,,,110,,,108,,,109,,,106,,,103,,,102,,,106,,,111,,,110,,,104,,,102,,,103,,,102,,,103,,,103,,,103,,,101,,,102,,,102,,,104,,,105,,,106,,,104,,
"Belgium",10,,,10,,,10,,,10,,,10,,,10,,,10,,,11,,,10,,,8,,,9,,,10,,,9,,,11,,,11,,,11,,,9,,,10,,,11,,,9,,,10,,,11,,,10,,,10,,,10,,,10,,,10,,,10,,,10,,,10,,,10,,,10,,,11,,,11,,,11,,,11,,,10,,,10,,,10,,,10,,,10,,,11,,,11,,,12,,,7,,,7,,,9,,,12,,,11,,,11,,,10,,,10,,,10,,,10,,,12,,,10,,,11,,,11,,,11,,,11,,,11,,,11,,,11,,,12,,,12,,,12,,,12,,,12,,,12,,,12,,,12,,,12,,,13,,,12,,,12,,,13,,,13,,,13,,,12,,
"Belize",143,,,143,,,152,,,151,,,151,,,150,,,156,,,158,,,140,,,143,,,156,,,156,,,145,,,147,,,148,,,147,,,150,,,148,,,155,,,156,,,152,,,154,,,151,,,149,,,128,,,133,,,132,,,135,,,130,,,128,,,128,,,131,,,133,,,132,,,131,,,124,,,128,,,129,,,129,,,130,,,125,,,125,,,118,,,123,,,118,,,117,,,119,,,123,,,122,,,129,,,121,,,120,,,120,,,122,,,116,,,115,,,121,,,119,,,121,,,136,,,135,,,133,,,136,,,139,,,150,,,143,,,144,,,144,,,145,,,141,,,144,,,144,,,145,,,146,,,146,,,147,,,149,,,149,,,147,,
"Benin",85,,,92,,,93,,,90,,,93,,,93,,,93,,,94,,,89,,,88,,,94,,,95,,,92,,,90,,,84,,,82,,,85,,,80,,,77,,,89,,,82,,,82,,,78,,,78,,,74,,,70,,,78,,,79,,,77,,,81,,,70,,,70,,,67,,,69,,,69,,,74,,,73,,,70,,,70,,,73,,,73,,,82,,,80,,,80,,,79,,,80,,,76,,,76,,,74,,,79,,,75,,,72,,,80,,,78,,,78,,,79,,,76,,,77,,,69,,,76,,,71,,,70,,,71,,,69,,,70,,,67,,,62,,,71,,,66,,,64,,,72,,,73,,,82,,,84,,,85,,,86,,,79,,,74,,,71,,
"Bermuda",162,,,161,,,161,,,160,,,159,,,162,,,163,,,162,,,158,,,159,,,162,,,161,,,162,,,164,,,161,,,161,,,162,,,162,,,161,,,164,,,164,,,164,,,163,,,165,,,166,,,168,,,168,,,172,,,172,,,171,,,171,,,172,,,172,,,172,,,172,,,171,,,172,,,171,,,169,,,169,,,168,,,169,,,169,,,168,,,167,,,167,,,167,,,167,,,166,,,169,,,168,,,167,,,168,,,168,,,168,,,170,,,171,,,170,,,171,,,171,,,171,,,170,,,170,,,168,,,168,,,167,,,167,,,168,,,166,,,166,,,167,,,167,,,166,,,167,,,167,,,167,,,167,,,167,,,166,,
"Bonaire, Sint Eustatius and Saba",,,"Not applicable",,,"Not applicable",,,"Not applicable",,,"Not applicable",,,"Not applicable",,,"Not applicable",,,"Not applicable",,,"Not applicable",,,"Not applicable",,,"Not applicable",,,"Not applicable",,,"Not applicable",,,"Not applicable",,,"Not applicable",,,"Not applicable",,,"Not applicable",,,"Not applicable",,,"Not applicable",,,"Not applicable",,,"Not applicable",161,,,162,,,,,,,,,,,,155,,,156,,,157,,,158,,,157,,,158,,,157,,,158,,,157,,,156,,,155,,,157,,,150,,,150,,,149,,,148,,,147,,,165,,,163,,,163,,,162,,,161,,,161,,,162,,,150,,,151,,,150,,,163,,,163,,,164,,,165,,,165,,,165,,,166,,,165,,,166,,,165,,,166,,,163,,,162,,,161,,,161,,,,,,,,,,,,,,,170,,,170,,,170,,,171,,,172,,,172,,,172,,,172,,
"Brazil",22,,,23,,,24,,,24,,,24,,,24,,,24,,,24,,,24,,,25,,,24,,,24,,,24,,,24,,,26,,,28,,,33,,,32,,,33,,,32,,,34,,,34,,,29,,,30,,,32,,,32,,,32,,,34,,,35,,,35,,,35,,,35,,,36,,,37,,,37,,,35,,,37,,,37,,,35,,,38,,,39,,,37,,,38,,,40,,,41,,,41,,,41,,,40,,,40,,,39,,,38,,,38,,,42,,,41,,,40,,,39,,,40,,,38,,,40,,,39,,,41,,,40,,,40,,,39,,,38,,,36,,,38,,,38,,,38,,,37,,,38,,,40,,,37,,,36,,,34,,,34,,,35,,,34,,,34,,
"British Virgin Islands",145,,,149,,,154,,,154,,,155,,,154,,,147,,,156,,,155,,,155,,,157,,,157,,,159,,,161,,,159,,,158,,,160,,,156,,,156,,,155,,,157,,,161,,,160,,,159,,,160,,,162,,,162,,,162,,,160,,,161,,,160,,,160,,,161,,,161,,,161,,,160,,,159,,,159,,,156,,,160,,,162,,,146,,,146,,,146,,,144,,,145,,,139,,,135,,,135,,,139,,,137,,,133,,,143,,,143,,,143,,,127,,,141,,,139,,,138,,,147,,,146,,,147,,,144,,,167,,,167,,,166,,,166,,,167,,,164,,,163,,,164,,,164,,,163,,,164,,,164,,,164,,,164,,,162,,,161,,
"Brunei Darussalam",134,,,135,,,134,,,136,,,133,,,137,,,135,,,133,,,135,,,139,,,143,,,143,,,138,,,141,,,137,,,129,,,131,,,127,,,121,,,118,,,122,,,119,,,120,,,123,,,120,,,127,,,137,,,127,,,134,,,135,,,137,,,135,,,136,,,136,,,140,,,127,,,125,,,141,,,139,,,136,,,134,,,123,,,127,,,136,,,124,,,133,,,143,,,144,,,146,,,148,,,148,,,145,,,135,,,137,,,133,,,140,,,139,,,137,,,142,,,141,,,142,,,144,,,142,,,127,,,130,,,133,,,136,,,126,,,129,,,129,,,126,,,127,,,126,,,127,,,139,,,137,,,141,,,141,,,136,,
"Bulgaria",95,,,102,,,102,,,103,,,105,,,108,,,102,,,106,,,110,,,104,,,86,,,86,,,88,,,126,,,134,,,135,,,138,,,141,,,142,,,132,,,130,,,129,,,144,,,132,,,131,,,125,,,125,,,126,,,138,,,137,,,138,,,145,,,143,,,144,,,124,,,120,,,122,,,124,,,125,,,129,,,140,,,128,,,129,,,135,,,127,,,124,,,127,,,131,,,131,,,135,,,132,,,128,,,128,,,132,,,132,,,131,,,128,,,128,,,141,,,139,,,136,,,136,,,135,,,134,,,134,,,125,,,118,,,117,,,116,,,117,,,114,,,114,,,110,,,111,,,115,,,115,,,114,,,124,,,124,,
"Cabo Verde",141,,,141,,,138,,,139,,,138,,,144,,,141,,,141,,,136,,,125,,,128,,,128,,,127,,,125,,,136,,,137,,,139,,,139,,,139,,,141,,,143,,,144,,,142,,,143,,,141,,,143,,,144,,,148,,,148,,,160,,,159,,,159,,,152,,,159,,,159,,,157,,,160,,,160,,,158,,,154,,,157,,,162,,,156,,,161,,,161,,,161,,,160,,,148,,,144,,,145,,,145,,,143,,,144,,,144,,,146,,,148,,,162,,,161,,,163,,,163,,,165,,,163,,,164,,,160,,,158,,,157,,,159,,,160,,,159,,,158,,,159,,,159,,,159,,,159,,,160,,,160,,,160,,,160,,,163,,
"Cambodia",139,,,140,,,137,,,135,,,136,,,133,,,139,,,128,,,127,,,128,,,132,,,134,,,144,,,143,,,141,,,142,,,143,,,132,,,127,,,131,,,139,,,139,,,137,,,140,,,153,,,156,,,157,,,147,,,145,,,141,,,144,,,138,,,144,,,145,,,147,,,131,,,131,,,116,,,115,,,105,,,110,,,111,,,103,,,106,,,108,,,108,,,107,,,118,,,120,,,116,,,112,,,110,,,109,,,119,,,113,,,111,,,107,,,101,,,95,,,95,,,100,,,96,,,102,,,107,,,100,,,99,,,99,,,98,,,95,,,100,,,97,,,94,,,90,,,89,,,89,,,89,,,89,,,89,,,86,,
"Cameroon",63,,,64,,,64,,,64,,,63,,,65,,,69,,,65,,,64,,,61,,,60,,,61,,,59,,,64,,,65,,,64,,,65,,,66,,,64,,,66,,,63,,,66,,,64,,,63,,,68,,,66,,,64,,,63,,,63,,,65,,,66,,,67,,,70,,,70,,,71,,,75,,,74,,,82,,,83,,,85,,,83,,,79,,,76,,,71,,,75,,,79,,,79,,,83,,,82,,,69,,,67,,,63,,,65,,,82,,,79,,,80,,,81,,,73,,,74,,,72,,,73,,,71,,,70,,,74,,,74,,,75,,,75,,,77,,,78,,,78,,,76,,,75,,,72,,,69,,,73,,,75,,,74,,,54,,,53,,
"Canada",25,,,25,,,25,,,25,,,25,,,26,,,28,,,26,,,27,,,26,,,28,,,30,,,31,,,29,,,34,,,34,,,34,,,34,,,34,,,33,,,32,,,31,,,33,,,34,,,33,,,33,,,33,,,32,,,33,,,31,,,31,,,31,,,28,,,29,,,32,,,32,,,32,,,32,,,32,,,30,,,33,,,31,,,34,,,33,,,33,,,30,,,32,,,33,,,33,,,33,,,33,,,33,,,33,,,32,,,32,,,32,,,31,,,32,,,31,,,32,,,32,,,32,,,32,,,32,,,32,,,30,,,31,,,32,,,32,,,32,,,33,,,33,,,33,,,34,,,35,,,35,,,33,,,33,,,35,,
"Cayman Islands",159,,,159,,,157,,,157,,,157,,,156,,,155,,,157,,,159,,,160,,,163,,,162,,,163,,,162,,,160,,,160,,,161,,,159,,,163,,,166,,,166,,,166,,,165,,,160,,,162,,,164,,,164,,,167,,,165,,,166,,,168,,,169,,,169,,,167,,,167,,,166,,,165,,,174,,,173,,,172,,,172,,,172,,,172,,,172,,,170,,,170,,,170,,,170,,,169,,,171,,,171,,,170,,,166,,,166,,,166,,,167,,,168,,,168,,,169,,,170,,,170,,,169,,,169,,,166,,,166,,,165,,,165,,,166,,,163,,,162,,,163,,,163,,,162,,,163,,,163,,,163,,,163,,,165,,,168,,
"Chile",52,,,51,,,53,,,56,,,55,,,53,,,52,,,58,,,60,,,53,,,53,,,55,,,52,,,52,,,51,,,47,,,49,,,50,,,53,,,49,,,49,,,47,,,48,,,45,,,44,,,48,,,47,,,49,,,48,,,47,,,51,,,50,,,51,,,51,,,51,,,49,,,50,,,51,,,48,,,46,,,53,,,54,,,55,,,54,,,51,,,50,,,49,,,51,,,51,,,46,,,47,,,47,,,49,,,49,,,49,,,51,,,52,,,52,,,54,,,53,,,54,,,55,,,52,,,57,,,56,,,57,,,52,,,50,,,52,,,51,,,51,,,51,,,47,,,46,,,46,,,47,,,53,,,51,,,51,,
"China",1,,,1,,,1,,,1,,,1,,,1,,,1,,,1,,,1,,,1,,,1,,,1,,,1,,,1,,,1,,,1,,,1,,,1,,,1,,,1,,,1,,,1,,,1,,,1,,,1,,,1,,,1,,,1,,,1,,,1,,,1,,,1,,,1,,,1,,,1,,,1,,,1,,,1,,,1,,,1,,,1,,,1,,,1,,,1,,,1,,,1,,,1,,,1,,,1,,,1,,,1,,,1,,,1,,,1,,,1,,,1,,,1,,,1,,,1,,,1,,,1,,,1,,,1,,,1,,,1,,,1,,,1,,,1,,,1,,,1,,,1,,,1,,,1,,,1,,,1,,,1,,,1,,,1,,,1,,
"China, Hong Kong SAR",2,,,2,,,2,,,2,,,2,,,2,,,2,,,2,,,2,,,3,,,3,,,3,,,3,,,3,,,3,,,3,,,3,,,3,,,3,,,3,,,2,,,3,,,3,,,3,,,3,,,3,,,3,,,3,,,4,,,3,,,3,,,4,,,4,,,4,,,5,,,5,,,4,,,4,,,4,,,5,,,5,,,6,,,5,,,5,,,6,,,6,,,5,,,5,,,4,,,4,,,6,,,6,,,6,,,6,,,6,,,6,,,6,,,6,,,6,,,6,,,6,,,6,,,6,,,6,,,6,,,6,,,6,,,7,,,7,,,7,,,9,,,9,,,9,,,11,,,11,,,10,,,12,,,12,,,13,,
"China, Taiwan Province of",13,,,13,,,13,,,13,,,13,,,13,,,13,,,14,,,13,,,13,,,13,,,13,,,14,,,14,,,13,,,13,,,13,,,13,,,13,,,13,,,13,,,13,,,13,,,13,,,13,,,13,,,13,,,13,,,13,,,13,,,13,,,13,,,13,,,13,,,13,,,13,,,13,,,13,,,13,,,13,,,13,,,13,,,13,,,13,,,13,,,13,,,13,,,13,,,13,,,13,,,13,,,13,,,13,,,11,,,11,,,11,,,12,,,12,,,12,,,12,,,12,,,12,,,12,,,13,,,14,,,13,,,13,,,13,,,13,,,13,,,13,,,13,,,12,,,14,,,14,,,14,,,14,,,14,,,14,,
"Christmas Island",,,,,,,,,,,,,,,,,,,,,,,,,,,,,,,,,,,,,,,,,,,,,,,,,,,,,,,,,,,,,,,,,,,,,,,,,,,,,,,,,,,,,,,,,,,,,,,,,,,,,,,,,,177,,,177,,,,,,,,,,,,,,,,,,177,,,177,,,177,,,177,,,177,,,177,,,177,,,178,,,178,,,177,,,177,,,177,,,176,,,176,,,176,,,176,,,176,,,176,,,176,,,176,,,176,,,173,,,173,,,172,,,172,,,173,,,170,,,171,,,171,,,172,,,172,,,172,,,172,,,173,,,173,,,173,,,173,,
"Cocos (Keeling) Islands",171,,,171,,,169,,,170,,,168,,,171,,,171,,,,,,,,,,,,,,,,,,,,,,,,,,,,,,,,,,,,,,,,,,,,,,,,,,,,,,,,,,,,,,,,,,,,,,,,,,,,,,,,,,,,,,,,,,,,,,,,,,,,,,,,,,,,,,,,,,,,,,,,,,,,,,,,,,,,,,,,,,,,,,,,,,,,,,,,,,,,,,,,,,,,,,,,,,,,,,,,,,,,,,,,,,,,,,,,,,,,,,,,,,,,,,,,,,,,,,,,,,
"Colombia",29,,,28,,,30,,,33,,,34,,,33,,,32,,,32,,,30,,,31,,,32,,,33,,,28,,,25,,,25,,,30,,,30,,,33,,,28,,,27,,,28,,,29,,,28,,,29,,,28,,,28,,,30,,,29,,,29,,,29,,,29,,,29,,,31,,,28,,,28,,,29,,,28,,,28,,,28,,,26,,,27,,,26,,,28,,,28,,,28,,,28,,,28,,,28,,,29,,,29,,,31,,,31,,,32,,,31,,,30,,,30,,,30,,,28,,,28,,,28,,,28,,,28,,,29,,,29,,,29,,,28,,,28,,,28,,,28,,,28,,,30,,,29,,,29,,,27,,,28,,,27,,,27,,,27,,,27,,
"Comoros",147,,,153,,,150,,,149,,,147,,,148,,,150,,,150,,,164,,,166,,,168,,,168,,,157,,,153,,,144,,,150,,,155,,,150,,,138,,,130,,,132,,,135,,,133,,,136,,,136,,,137,,,141,,,143,,,144,,,148,,,150,,,149,,,150,,,149,,,145,,,144,,,145,,,145,,,144,,,141,,,146,,,145,,,145,,,147,,,157,,,158,,,158,,,155,,,155,,,156,,,157,,,154,,,146,,,147,,,149,,,149,,,146,,,146,,,150,,,152,,,151,,,152,,,158,,,157,,,161,,,160,,,160,,,156,,,156,,,152,,,154,,,148,,,150,,,147,,,147,,,151,,,154,,,153,,,153,,
"Congo",84,,,79,,,81,,,81,,,85,,,84,,,85,,,81,,,75,,,71,,,69,,,70,,,73,,,70,,,80,,,80,,,92,,,88,,,88,,,84,,,84,,,73,,,72,,,75,,,72,,,74,,,65,,,69,,,68,,,69,,,63,,,65,,,63,,,63,,,63,,,69,,,69,,,71,,,72,,,74,,,68,,,65,,,68,,,66,,,60,,,60,,,61,,,62,,,67,,,70,,,71,,,71,,,74,,,63,,,66,,,65,,,63,,,61,,,60,,,66,,,72,,,74,,,74,,,71,,,77,,,77,,,80,,,74,,,60,,,61,,,61,,,60,,,60,,,58,,,59,,,59,,,48,,,61,,,61,,
"Cook Islands",172,,,172,,,171,,,172,,,171,,,173,,,173,,,,,,,,,165,,,167,,,172,,,172,,,172,,,164,,,164,,,165,,,165,,,166,,,170,,,170,,,169,,,168,,,169,,,170,,,172,,,170,,,160,,,164,,,169,,,163,,,162,,,162,,,164,,,164,,,163,,,163,,,163,,,161,,,163,,,165,,,171,,,170,,,169,,,168,,,168,,,168,,,168,,,167,,,170,,,169,,,168,,,169,,,169,,,169,,,171,,,166,,,166,,,167,,,168,,,168,,,167,,,167,,,164,,,164,,,163,,,162,,,163,,,165,,,165,,,166,,,166,,,165,,,166,,,166,,,166,,,166,,,166,,,165,,
"Costa Rica",49,,,50,,,50,,,50,,,49,,,48,,,48,,,50,,,49,,,48,,,54,,,50,,,47,,,46,,,49,,,51,,,50,,,48,,,45,,,48,,,48,,,52,,,52,,,52,,,46,,,47,,,48,,,48,,,49,,,49,,,50,,,51,,,50,,,50,,,48,,,48,,,55,,,55,,,55,,,55,,,56,,,55,,,54,,,55,,,55,,,55,,,54,,,54,,,57,,,59,,,59,,,56,,,56,,,55,,,52,,,53,,,53,,,54,,,51,,,52,,,53,,,52,,,57,,,56,,,57,,,52,,,56,,,57,,,53,,,56,,,54,,,56,,,58,,,47,,,53,,,53,,,56,,,56,,,55,,
"Cote d'Ivoire",53,,,53,,,52,,,53,,,58,,,60,,,60,,,61,,,56,,,49,,,48,,,49,,,48,,,48,,,55,,,55,,,56,,,54,,,49,,,53,,,51,,,55,,,59,,,58,,,61,,,60,,,58,,,57,,,56,,,55,,,58,,,55,,,54,,,53,,,54,,,53,,,54,,,49,,,51,,,57,,,60,,,59,,,59,,,61,,,61,,,65,,,65,,,68,,,70,,,75,,,73,,,69,,,72,,,71,,,70,,,66,,,68,,,66,,,64,,,63,,,65,,,66,,,66,,,68,,,66,,,65,,,69,,,55,,,56,,,55,,,53,,,54,,,56,,,53,,,50,,,48,,,42,,,41,,,41,,
"Croatia",113,,,108,,,112,,,109,,,94,,,96,,,100,,,96,,,95,,,101,,,98,,,89,,,100,,,121,,,120,,,95,,,87,,,96,,,87,,,81,,,85,,,84,,,89,,,88,,,87,,,80,,,86,,,86,,,91,,,91,,,90,,,87,,,88,,,82,,,84,,,89,,,83,,,78,,,82,,,78,,,75,,,75,,,83,,,70,,,71,,,71,,,71,,,75,,,75,,,78,,,82,,,81,,,82,,,76,,,76,,,73,,,74,,,75,,,77,,,74,,,76,,,76,,,75,,,73,,,72,,,70,,,71,,,70,,,74,,,76,,,77,,,76,,,76,,,76,,,77,,,77,,,81,,,82,,,80,,
"Cuba",108,,,112,,,115,,,112,,,112,,,109,,,106,,,104,,,105,,,114,,,119,,,110,,,107,,,110,,,111,,,113,,,113,,,117,,,112,,,114,,,116,,,117,,,104,,,103,,,103,,,110,,,109,,,113,,,118,,,114,,,116,,,119,,,114,,,118,,,117,,,114,,,113,,,120,,,118,,,115,,,115,,,100,,,108,,,101,,,103,,,111,,,109,,,111,,,106,,,120,,,118,,,118,,,118,,,116,,,118,,,132,,,130,,,122,,,124,,,123,,,123,,,130,,,126,,,119,,,123,,,119,,,115,,,119,,,121,,,118,,,120,,,129,,,132,,,131,,,129,,,129,,,132,,,132,,,119,,
"Curacao",,,"Not applicable",,,"Not applicable",,,"Not applicable",,,"Not applicable",,,"Not applicable",,,"Not applicable",,,"Not applicable",,,"Not applicable",,,"Not applicable",,,"Not applicable",,,"Not applicable",,,"Not applicable",,,"Not applicable",,,"Not applicable",,,"Not applicable",,,"Not applicable",,,"Not applicable",,,"Not applicable",,,"Not applicable",,,"Not applicable",112,,,113,,,114,,,101,,,101,,,107,,,108,,,106,,,110,,,106,,,109,,,114,,,117,,,120,,,111,,,105,,,107,,,107,,,104,,,101,,,104,,,107,,,113,,,110,,,133,,,134,,,132,,,120,,,118,,,113,,,115,,,117,,,115,,,109,,,106,,,121,,,117,,,116,,,116,,,112,,,113,,,110,,,118,,,128,,,111,,,111,,,111,,,116,,,117,,,120,,,128,,,122,,,121,,,118,,,114,,,118,,,128,,,130,,,129,,
"Cyprus",73,,,72,,,74,,,74,,,70,,,76,,,78,,,69,,,67,,,70,,,76,,,80,,,74,,,75,,,67,,,66,,,69,,,67,,,68,,,64,,,67,,,69,,,68,,,73,,,66,,,63,,,66,,,67,,,71,,,70,,,77,,,83,,,85,,,91,,,86,,,85,,,84,,,85,,,87,,,86,,,81,,,81,,,85,,,85,,,84,,,95,,,89,,,89,,,88,,,88,,,87,,,86,,,84,,,83,,,83,,,77,,,78,,,79,,,83,,,84,,,84,,,88,,,89,,,86,,,89,,,96,,,91,,,91,,,84,,,84,,,84,,,90,,,89,,,87,,,87,,,90,,,90,,,91,,,92,,
"Dem. People's Rep. of Korea",173,,,173,,,172,,,173,,,172,,,174,,,174,,,164,,,170,,,172,,,173,,,173,,,173,,,173,,,173,,,173,,,173,,,173,,,175,,,177,,,177,,,176,,,175,,,174,,,175,,,177,,,177,,,180,,,,,,,,,,,,,,,,,,,,,,,,,,,,,,,,,,,,,,,,,,,,,,,,,,,,,,,,,,,,,,,,,,,,,,,,,,,,,,,,,,,,,,,,,,,,,,,,,,,,,,,,,,,,,,,,,,,,,,,,,,,,,,,,,,,,,,,,,,,,,,,,,,,,,,,,,,,
"Dem. Rep. of the Congo",131,,,133,,,139,,,140,,,139,,,139,,,138,,,138,,,142,,,132,,,129,,,130,,,142,,,139,,,147,,,146,,,126,,,123,,,125,,,123,,,123,,,123,,,123,,,124,,,127,,,111,,,118,,,119,,,112,,,109,,,112,,,112,,,109,,,111,,,120,,,137,,,135,,,142,,,134,,,151,,,129,,,137,,,137,,,132,,,130,,,132,,,130,,,139,,,152,,,124,,,124,,,131,,,130,,,139,,,131,,,129,,,140,,,138,,,137,,,137,,,140,,,138,,,140,,,137,,,143,,,144,,,145,,,137,,,137,,,133,,,133,,,133,,,130,,,135,,,135,,,139,,,136,,,137,,,141,,
"Denmark",61,,,59,,,57,,,48,,,53,,,57,,,63,,,56,,,59,,,58,,,51,,,48,,,54,,,58,,,60,,,59,,,60,,,60,,,60,,,59,,,55,,,48,,,46,,,47,,,43,,,50,,,50,,,46,,,46,,,46,,,46,,,47,,,48,,,44,,,49,,,50,,,49,,,50,,,52,,,50,,,49,,,49,,,50,,,52,,,52,,,52,,,51,,,50,,,47,,,48,,,50,,,48,,,47,,,45,,,45,,,45,,,48,,,51,,,50,,,50,,,50,,,54,,,56,,,53,,,55,,,55,,,58,,,58,,,58,,,59,,,59,,,58,,,59,,,59,,,60,,,62,,,58,,,59,,,56,,
"Djibouti",81,,,82,,,80,,,72,,,69,,,68,,,72,,,74,,,74,,,86,,,89,,,96,,,63,,,63,,,63,,,70,,,76,,,74,,,76,,,72,,,75,,,80,,,80,,,80,,,83,,,83,,,81,,,77,,,78,,,77,,,76,,,73,,,64,,,67,,,66,,,66,,,67,,,68,,,62,,,64,,,58,,,57,,,56,,,58,,,56,,,61,,,59,,,58,,,54,,,53,,,56,,,57,,,59,,,61,,,58,,,61,,,61,,,59,,,62,,,61,,,63,,,64,,,61,,,62,,,60,,,62,,,63,,,64,,,63,,,63,,,63,,,59,,,62,,,71,,,70,,,71,,,61,,,62,,,68,,
"Dominica",120,,,130,,,129,,,128,,,129,,,128,,,126,,,142,,,143,,,144,,,144,,,144,,,146,,,146,,,145,,,143,,,144,,,143,,,143,,,133,,,137,,,138,,,136,,,139,,,138,,,142,,,143,,,144,,,143,,,146,,,145,,,144,,,142,,,140,,,141,,,148,,,148,,,138,,,148,,,146,,,133,,,142,,,148,,,150,,,150,,,151,,,151,,,151,,,148,,,123,,,139,,,135,,,136,,,130,,,128,,,124,,,122,,,123,,,125,,,124,,,124,,,125,,,122,,,124,,,125,,,126,,,126,,,125,,,131,,,131,,,132,,,132,,,133,,,132,,,130,,,130,,,133,,,133,,,131,,
"Dominican Republic",41,,,41,,,42,,,39,,,39,,,38,,,37,,,38,,,38,,,36,,,40,,,41,,,39,,,41,,,41,,,42,,,41,,,42,,,42,,,42,,,41,,,41,,,40,,,39,,,38,,,39,,,39,,,39,,,39,,,41,,,40,,,39,,,40,,,41,,,40,,,41,,,40,,,40,,,43,,,43,,,40,,,40,,,37,,,37,,,38,,,38,,,38,,,37,,,36,,,37,,,37,,,37,,,37,,,37,,,36,,,37,,,37,,,37,,,38,,,37,,,38,,,37,,,36,,,38,,,41,,,35,,,36,,,37,,,37,,,39,,,39,,,42,,,40,,,39,,,38,,,40,,,39,,,42,,,42,,
"Ecuador",60,,,60,,,56,,,57,,,57,,,58,,,61,,,67,,,68,,,63,,,61,,,58,,,58,,,59,,,57,,,58,,,55,,,56,,,52,,,46,,,46,,,45,,,45,,,46,,,51,,,56,,,56,,,59,,,55,,,54,,,53,,,54,,,57,,,54,,,58,,,57,,,57,,,54,,,47,,,45,,,46,,,46,,,46,,,48,,,47,,,49,,,48,,,48,,,48,,,52,,,58,,,51,,,46,,,46,,,46,,,47,,,44,,,43,,,44,,,47,,,47,,,47,,,47,,,47,,,46,,,46,,,46,,,45,,,46,,,47,,,46,,,44,,,43,,,43,,,43,,,43,,,46,,,46,,,48,,
"Egypt",17,,,17,,,17,,,17,,,19,,,19,,,18,,,19,,,19,,,19,,,19,,,19,,,19,,,19,,,19,,,19,,,19,,,19,,,19,,,20,,,20,,,20,,,20,,,21,,,20,,,22,,,22,,,19,,,22,,,20,,,17,,,18,,,17,,,17,,,17,,,17,,,17,,,18,,,18,,,19,,,18,,,19,,,19,,,19,,,19,,,22,,,23,,,24,,,22,,,22,,,21,,,24,,,22,,,21,,,23,,,22,,,25,,,22,,,23,,,23,,,24,,,24,,,24,,,24,,,24,,,24,,,25,,,25,,,25,,,22,,,22,,,22,,,24,,,23,,,23,,,23,,,22,,,19,,,19,,
"El Salvador",118,,,116,,,116,,,117,,,120,,,118,,,120,,,119,,,118,,,117,,,121,,,122,,,120,,,124,,,124,,,120,,,123,,,121,,,124,,,122,,,118,,,142,,,130,,,118,,,133,,,132,,,139,,,130,,,126,,,126,,,131,,,139,,,124,,,127,,,122,,,118,,,115,,,127,,,127,,,127,,,127,,,122,,,124,,,118,,,116,,,116,,,110,,,112,,,112,,,110,,,116,,,116,,,113,,,113,,,114,,,112,,,123,,,125,,,123,,,125,,,125,,,126,,,127,,,136,,,129,,,131,,,135,,,134,,,138,,,138,,,138,,,137,,,129,,,130,,,132,,,133,,,131,,,134,,,133,,
"Equatorial Guinea",121,,,124,,,130,,,129,,,128,,,126,,,131,,,126,,,128,,,131,,,130,,,133,,,132,,,137,,,126,,,123,,,114,,,114,,,115,,,113,,,115,,,112,,,112,,,110,,,111,,,118,,,114,,,112,,,105,,,113,,,117,,,120,,,119,,,117,,,119,,,108,,,106,,,108,,,109,,,132,,,142,,,144,,,115,,,111,,,114,,,113,,,112,,,117,,,115,,,112,,,108,,,107,,,106,,,108,,,107,,,107,,,105,,,104,,,105,,,104,,,105,,,103,,,104,,,100,,,99,,,102,,,98,,,99,,,105,,,106,,,105,,,107,,,107,,,108,,,108,,,109,,,108,,,107,,,108,,
"Eritrea",146,,,155,,,149,,,148,,,148,,,157,,,145,,,155,,,162,,,164,,,166,,,167,,,168,,,163,,,,,,,,,,,,,,,,,,,,,,,,,,,,,,,,,163,,,165,,,165,,,168,,,,,,,,,,,,,,,,,,,,,176,,,176,,,176,,,176,,,175,,,174,,,174,,,174,,,174,,,174,,,174,,,174,,,174,,,174,,,174,,,166,,,167,,,164,,,165,,,165,,,165,,,166,,,167,,,167,,,168,,,167,,,164,,,173,,,173,,,171,,,171,,,170,,,170,,,171,,,168,,,168,,,162,,,161,,,167,,,168,,,169,,,170,,,170,,,170,,,171,,
"Estonia",110,,,115,,,108,,,115,,,115,,,120,,,116,,,116,,,120,,,120,,,103,,,100,,,89,,,85,,,90,,,94,,,83,,,101,,,98,,,108,,,106,,,114,,,113,,,104,,,110,,,106,,,100,,,92,,,106,,,104,,,111,,,104,,,102,,,93,,,95,,,96,,,108,,,103,,,107,,,100,,,114,,,114,,,110,,,107,,,104,,,106,,,108,,,113,,,109,,,105,,,103,,,102,,,101,,,99,,,105,,,106,,,106,,,115,,,115,,,111,,,112,,,100,,,100,,,101,,,102,,,109,,,108,,,109,,,101,,,101,,,102,,,106,,,120,,,117,,,111,,,111,,,109,,,108,,,113,,
"Falkland Islands (Malvinas)",,,,,,,,,,,,,,,,,,,,,,,,,,,,,,,,,,,,,,,,174,,,172,,,172,,,172,,,172,,,172,,,174,,,174,,,,,,,,,,,,,,,,,,,,,,,,,,,,,,,,,,,,,,,,,,,,,,,,,,,,,,,,,,,,,,,,,,,,,,,,,,,,,,,,,,,,,,,,,,,,,,,,,,,,,,,,,,,,,,,,,,,,,,,,,,,,,,,,,,,,,,,,,,,,,,,,,,,,,,,,,,,,,,,,,,,,,,,,,,,,,,,,
"Faroe Islands",150,,,154,,,155,,,152,,,153,,,153,,,153,,,151,,,154,,,151,,,153,,,148,,,151,,,150,,,152,,,152,,,153,,,153,,,153,,,146,,,149,,,155,,,152,,,153,,,152,,,153,,,155,,,156,,,157,,,158,,,157,,,156,,,157,,,155,,,157,,,156,,,156,,,157,,,154,,,155,,,158,,,159,,,160,,,160,,,159,,,156,,,156,,,157,,,157,,,158,,,155,,,153,,,152,,,156,,,158,,,159,,,159,,,162,,,164,,,149,,,148,,,149,,,146,,,146,,,139,,,140,,,140,,,141,,,141,,,143,,,140,,,140,,,142,,,143,,,143,,,141,,,142,,,142,,,142,,
"Fiji",101,,,90,,,86,,,87,,,88,,,90,,,84,,,92,,,94,,,92,,,80,,,78,,,80,,,87,,,93,,,90,,,89,,,90,,,96,,,94,,,95,,,88,,,85,,,85,,,91,,,95,,,91,,,85,,,85,,,85,,,83,,,82,,,82,,,87,,,89,,,91,,,98,,,99,,,99,,,102,,,100,,,103,,,100,,,98,,,98,,,98,,,98,,,97,,,95,,,92,,,98,,,103,,,98,,,102,,,102,,,104,,,101,,,102,,,100,,,103,,,104,,,99,,,101,,,99,,,96,,,93,,,96,,,93,,,96,,,94,,,94,,,96,,,96,,,95,,,95,,,96,,,97,,,99,,,98,,
"Finland",48,,,48,,,45,,,51,,,47,,,50,,,51,,,52,,,50,,,52,,,49,,,51,,,46,,,53,,,54,,,52,,,46,,,58,,,55,,,56,,,59,,,57,,,55,,,53,,,56,,,49,,,49,,,50,,,53,,,52,,,48,,,52,,,49,,,49,,,44,,,45,,,48,,,48,,,49,,,52,,,51,,,52,,,53,,,57,,,58,,,57,,,56,,,56,,,56,,,54,,,57,,,59,,,57,,,57,,,60,,,68,,,69,,,68,,,72,,,67,,,66,,,67,,,64,,,63,,,64,,,63,,,65,,,67,,,69,,,69,,,69,,,69,,,73,,,70,,,69,,,67,,,69,,,70,,,72,,
"France",15,,,15,,,15,,,15,,,15,,,15,,,15,,,15,,,15,,,15,,,16,,,16,,,16,,,16,,,16,,,16,,,16,,,16,,,16,,,16,,,16,,,16,,,16,,,16,,,16,,,16,,,16,,,16,,,15,,,15,,,14,,,14,,,14,,,14,,,14,,,14,,,14,,,14,,,14,,,15,,,15,,,15,,,17,,,16,,,16,,,16,,,15,,,15,,,17,,,16,,,17,,,16,,,15,,,16,,,17,,,15,,,15,,,15,,,17,,,17,,,15,,,16,,,18,,,18,,,18,,,18,,,20,,,20,,,22,,,21,,,21,,,20,,,19,,,19,,,19,,,20,,,21,,,21,,,22,,
"French Guiana",128,,,131,,,131,,,132,,,134,,,127,,,125,,,144,,,145,,,145,,,146,,,145,,,147,,,149,,,150,,,149,,,149,,,147,,,146,,,147,,,150,,,150,,,148,,,150,,,148,,,150,,,146,,,154,,,155,,,153,,,154,,,154,,,155,,,152,,,154,,,154,,,155,,,156,,,152,,,153,,,153,,,155,,,154,,,153,,,153,,,152,,,152,,,152,,,149,,,152,,,153,,,149,,,149,,,150,,,154,,,154,,,152,,,152,,,151,,,150,,,149,,,150,,,148,,,148,,,147,,,146,,,146,,,146,,,147,,,147,,,149,,,151,,,148,,,144,,,144,,,142,,,145,,,145,,,145,,
"French Polynesia",94,,,93,,,91,,,93,,,92,,,92,,,89,,,88,,,92,,,87,,,95,,,92,,,94,,,93,,,101,,,101,,,103,,,103,,,104,,,100,,,103,,,98,,,100,,,97,,,97,,,104,,,105,,,99,,,101,,,111,,,118,,,113,,,120,,,123,,,129,,,122,,,120,,,122,,,121,,,106,,,103,,,101,,,107,,,102,,,100,,,103,,,102,,,105,,,102,,,102,,,104,,,106,,,105,,,106,,,90,,,93,,,97,,,96,,,96,,,96,,,94,,,95,,,95,,,95,,,95,,,94,,,109,,,95,,,98,,,98,,,98,,,98,,,99,,,97,,,97,,,98,,,99,,,100,,,100,,
"Gabon",97,,,100,,,109,,,104,,,97,,,95,,,108,,,98,,,100,,,100,,,92,,,90,,,95,,,94,,,99,,,97,,,98,,,99,,,101,,,101,,,109,,,105,,,93,,,92,,,96,,,85,,,88,,,88,,,90,,,89,,,96,,,96,,,94,,,104,,,101,,,110,,,110,,,109,,,105,,,110,,,107,,,102,,,102,,,95,,,95,,,99,,,97,,,100,,,101,,,97,,,94,,,98,,,96,,,94,,,100,,,100,,,99,,,105,,,106,,,107,,,109,,,107,,,105,,,102,,,104,,,100,,,100,,,100,,,103,,,102,,,104,,,105,,,105,,,106,,,107,,,107,,,107,,,111,,,110,,
"Gambia",154,,,144,,,147,,,150,,,150,,,149,,,137,,,135,,,131,,,136,,,142,,,136,,,136,,,135,,,135,,,131,,,132,,,130,,,131,,,134,,,128,,,131,,,140,,,137,,,134,,,120,,,122,,,110,,,109,,,117,,,124,,,123,,,123,,,126,,,118,,,129,,,124,,,119,,,117,,,123,,,128,,,131,,,130,,,140,,,141,,,147,,,145,,,145,,,142,,,131,,,134,,,151,,,151,,,152,,,152,,,156,,,154,,,156,,,157,,,157,,,153,,,157,,,160,,,152,,,156,,,154,,,154,,,154,,,154,,,156,,,156,,,157,,,157,,,155,,,156,,,156,,,153,,,156,,,156,,
"Georgia",133,,,137,,,135,,,137,,,141,,,141,,,144,,,140,,,126,,,126,,,126,,,127,,,133,,,145,,,143,,,141,,,122,,,131,,,123,,,127,,,124,,,126,,,128,,,130,,,126,,,126,,,126,,,145,,,147,,,145,,,142,,,143,,,141,,,141,,,142,,,142,,,143,,,148,,,147,,,147,,,151,,,154,,,150,,,154,,,146,,,144,,,146,,,146,,,141,,,140,,,133,,,138,,,137,,,133,,,136,,,138,,,137,,,147,,,147,,,144,,,139,,,140,,,143,,,145,,,144,,,145,,,134,,,140,,,115,,,113,,,113,,,120,,,128,,,120,,,116,,,116,,,116,,,121,,,114,,
"Germany",7,,,7,,,7,,,7,,,7,,,7,,,7,,,6,,,5,,,5,,,5,,,5,,,6,,,8,,,7,,,10,,,11,,,9,,,9,,,11,,,11,,,8,,,8,,,9,,,8,,,8,,,8,,,9,,,8,,,8,,,8,,,8,,,8,,,8,,,9,,,9,,,9,,,9,,,8,,,8,,,9,,,9,,,10,,,10,,,11,,,12,,,12,,,11,,,12,,,12,,,12,,,12,,,12,,,13,,,13,,,13,,,13,,,14,,,14,,,14,,,14,,,14,,,14,,,14,,,13,,,14,,,14,,,14,,,15,,,15,,,15,,,15,,,15,,,15,,,15,,,16,,,16,,,16,,,15,,
"Ghana",57,,,56,,,51,,,54,,,50,,,52,,,55,,,59,,,61,,,51,,,50,,,56,,,56,,,57,,,52,,,53,,,52,,,52,,,50,,,51,,,50,,,51,,,49,,,57,,,58,,,59,,,59,,,56,,,59,,,59,,,59,,,58,,,56,,,58,,,59,,,58,,,58,,,57,,,53,,,54,,,57,,,63,,,63,,,62,,,59,,,62,,,58,,,61,,,61,,,62,,,62,,,60,,,60,,,60,,,61,,,52,,,51,,,48,,,46,,,46,,,45,,,49,,,49,,,49,,,51,,,50,,,51,,,52,,,50,,,49,,,50,,,52,,,53,,,45,,,44,,,44,,,40,,,40,,,39,,
"Gibraltar",164,,,162,,,160,,,159,,,158,,,161,,,160,,,159,,,156,,,157,,,159,,,165,,,166,,,166,,,163,,,163,,,164,,,164,,,164,,,169,,,169,,,158,,,154,,,164,,,156,,,160,,,160,,,161,,,174,,,173,,,173,,,161,,,160,,,160,,,160,,,159,,,158,,,158,,,171,,,158,,,170,,,163,,,163,,,171,,,169,,,169,,,169,,,169,,,168,,,163,,,172,,,171,,,172,,,172,,,172,,,172,,,172,,,172,,,,,,173,,,173,,,172,,,172,,,170,,,169,,,168,,,168,,,169,,,,,,,,,,,,,,,,,,,,,,,,168,,,168,,,168,,,167,,
"Greece",30,,,30,,,29,,,30,,,38,,,39,,,34,,,33,,,35,,,35,,,42,,,45,,,45,,,40,,,43,,,40,,,42,,,43,,,43,,,43,,,44,,,43,,,42,,,41,,,40,,,38,,,38,,,37,,,37,,,37,,,37,,,36,,,33,,,34,,,33,,,33,,,34,,,33,,,36,,,36,,,36,,,36,,,36,,,35,,,35,,,33,,,29,,,29,,,28,,,30,,,29,,,29,,,29,,,28,,,28,,,28,,,27,,,27,,,27,,,27,,,27,,,27,,,27,,,27,,,28,,,27,,,27,,,27,,,27,,,27,,,27,,,27,,,27,,,31,,,31,,,31,,,29,,,30,,,31,,
"Greenland",170,,,170,,,168,,,169,,,,,,,,,,,,,,,,,,,,,,,,,,,,,,,,,,,,,,,,,,,,,,,,,,,,,,,,,,,,,,,,,,,,,,,,175,,,176,,,176,,,176,,,174,,,174,,,175,,,175,,,175,,,175,,,175,,,174,,,173,,,173,,,173,,,173,,,173,,,171,,,171,,,171,,,173,,,173,,,174,,,175,,,172,,,171,,,171,,,171,,,173,,,173,,,173,,,162,,,162,,,162,,,162,,,163,,,159,,,157,,,156,,,157,,,158,,,160,,,159,,,160,,,160,,,160,,,160,,,161,,,161,,,161,,,161,,,159,,
"Grenada",125,,,128,,,128,,,127,,,117,,,114,,,114,,,118,,,119,,,119,,,122,,,121,,,123,,,127,,,128,,,127,,,128,,,128,,,128,,,136,,,135,,,137,,,135,,,134,,,135,,,122,,,120,,,121,,,120,,,115,,,114,,,117,,,122,,,119,,,121,,,125,,,126,,,126,,,126,,,125,,,120,,,121,,,142,,,139,,,138,,,139,,,129,,,141,,,139,,,119,,,123,,,139,,,141,,,131,,,130,,,126,,,125,,,126,,,130,,,128,,,127,,,128,,,125,,,131,,,141,,,134,,,132,,,132,,,123,,,127,,,136,,,136,,,135,,,136,,,133,,,131,,,135,,,136,,,134,,
"Guadeloupe",96,,,97,,,103,,,105,,,103,,,104,,,107,,,107,,,108,,,109,,,108,,,109,,,109,,,101,,,103,,,104,,,105,,,104,,,105,,,103,,,102,,,102,,,99,,,94,,,95,,,98,,,92,,,101,,,104,,,103,,,98,,,98,,,97,,,99,,,97,,,100,,,101,,,94,,,95,,,97,,,98,,,93,,,92,,,91,,,90,,,91,,,91,,,94,,,94,,,91,,,93,,,91,,,93,,,88,,,85,,,89,,,86,,,82,,,84,,,82,,,86,,,82,,,84,,,94,,,94,,,92,,,94,,,96,,,94,,,95,,,100,,,99,,,98,,,98,,,93,,,95,,,95,,,98,,,94,,
"Guam",130,,,132,,,126,,,125,,,127,,,125,,,124,,,127,,,129,,,129,,,114,,,116,,,117,,,116,,,130,,,130,,,133,,,125,,,126,,,126,,,126,,,121,,,124,,,135,,,130,,,135,,,136,,,139,,,129,,,129,,,135,,,133,,,135,,,134,,,133,,,130,,,127,,,128,,,131,,,131,,,124,,,124,,,125,,,124,,,122,,,121,,,123,,,138,,,136,,,143,,,143,,,136,,,133,,,135,,,138,,,133,,,131,,,133,,,134,,,133,,,133,,,134,,,133,,,125,,,131,,,135,,,133,,,133,,,136,,,136,,,135,,,135,,,138,,,137,,,134,,,132,,,137,,,138,,,135,,
"Guatemala",45,,,45,,,46,,,47,,,52,,,47,,,46,,,46,,,52,,,59,,,55,,,54,,,55,,,55,,,47,,,48,,,47,,,51,,,57,,,58,,,60,,,58,,,58,,,61,,,60,,,61,,,62,,,61,,,61,,,58,,,57,,,57,,,60,,,56,,,57,,,55,,,53,,,58,,,57,,,58,,,54,,,53,,,49,,,51,,,50,,,53,,,52,,,53,,,53,,,50,,,48,,,49,,,48,,,50,,,48,,,49,,,50,,,50,,,48,,,48,,,48,,,45,,,46,,,46,,,45,,,47,,,47,,,47,,,47,,,48,,,49,,,48,,,46,,,50,,,48,,,45,,,47,,,48,,,52,,
"Guernsey",167,,,167,,,165,,,166,,,165,,,168,,,168,,,167,,,166,,,168,,,170,,,170,,,170,,,168,,,167,,,167,,,167,,,168,,,170,,,167,,,167,,,167,,,166,,,167,,,168,,,170,,,171,,,173,,,169,,,174,,,174,,,,,,,,,,,,177,,,,,,,,,,,,,,,,,,,,,,,,,,,,,,,,,,,,,,,,,,,,,,,,,,,,,,,,,,,,,,,,,,,,,,,,,,,,,,,,,,,,,,,174,,,175,,,174,,,174,,,161,,,172,,,173,,,174,,,175,,,174,,,173,,,,,,,,,,,,,,,,,
"Guinea",102,,,96,,,100,,,97,,,106,,,112,,,113,,,109,,,102,,,97,,,96,,,99,,,98,,,96,,,107,,,107,,,106,,,110,,,109,,,109,,,104,,,103,,,103,,,112,,,118,,,108,,,110,,,111,,,111,,,108,,,105,,,103,,,107,,,109,,,114,,,135,,,142,,,118,,,110,,,109,,,101,,,105,,,106,,,104,,,106,,,105,,,105,,,101,,,114,,,117,,,106,,,111,,,111,,,112,,,110,,,108,,,111,,,124,,,127,,,135,,,138,,,135,,,134,,,123,,,124,,,129,,,127,,,128,,,130,,,116,,,116,,,113,,,116,,,113,,,120,,,134,,,112,,,114,,,109,,
"Guinea-Bissau",155,,,142,,,145,,,144,,,144,,,146,,,142,,,145,,,149,,,149,,,149,,,150,,,153,,,154,,,140,,,140,,,142,,,152,,,151,,,153,,,153,,,141,,,150,,,151,,,150,,,154,,,154,,,155,,,156,,,165,,,165,,,165,,,165,,,156,,,155,,,164,,,166,,,165,,,164,,,159,,,161,,,166,,,162,,,164,,,164,,,149,,,153,,,164,,,160,,,160,,,150,,,163,,,162,,,162,,,159,,,164,,,164,,,164,,,149,,,166,,,167,,,166,,,159,,,158,,,163,,,162,,,155,,,147,,,146,,,146,,,146,,,149,,,151,,,150,,,150,,,149,,,152,,,152,,,151,,
"Guyana",106,,,109,,,107,,,110,,,110,,,105,,,109,,,99,,,99,,,98,,,101,,,102,,,101,,,97,,,100,,,100,,,91,,,94,,,95,,,95,,,91,,,93,,,97,,,98,,,98,,,102,,,106,,,105,,,102,,,101,,,101,,,99,,,104,,,103,,,102,,,98,,,96,,,98,,,97,,,96,,,102,,,94,,,98,,,94,,,101,,,100,,,92,,,91,,,96,,,96,,,97,,,93,,,100,,,103,,,103,,,101,,,104,,,106,,,104,,,105,,,106,,,105,,,99,,,97,,,105,,,106,,,101,,,101,,,106,,,104,,,111,,,104,,,104,,,101,,,101,,,101,,,98,,,97,,,97,,
"Haiti",137,,,136,,,118,,,119,,,125,,,142,,,148,,,137,,,132,,,130,,,141,,,120,,,122,,,112,,,110,,,111,,,115,,,126,,,134,,,115,,,101,,,106,,,102,,,106,,,105,,,100,,,104,,,100,,,92,,,97,,,97,,,97,,,96,,,94,,,94,,,95,,,100,,,96,,,96,,,93,,,96,,,96,,,87,,,89,,,96,,,102,,,117,,,119,,,111,,,104,,,99,,,95,,,95,,,97,,,95,,,105,,,102,,,100,,,99,,,108,,,102,,,101,,,103,,,110,,,108,,,107,,,105,,,110,,,111,,,107,,,108,,,110,,,111,,,109,,,110,,,106,,,110,,,110,,,132,,
"Honduras",68,,,69,,,67,,,68,,,68,,,73,,,67,,,68,,,80,,,81,,,84,,,85,,,77,,,66,,,64,,,65,,,64,,,65,,,71,,,69,,,73,,,75,,,74,,,69,,,69,,,72,,,70,,,66,,,67,,,67,,,65,,,64,,,66,,,64,,,67,,,65,,,70,,,73,,,74,,,72,,,71,,,70,,,66,,,68,,,68,,,68,,,70,,,69,,,78,,,80,,,80,,,83,,,79,,,79,,,82,,,84,,,87,,,80,,,85,,,83,,,81,,,81,,,83,,,85,,,84,,,78,,,79,,,76,,,76,,,75,,,75,,,72,,,70,,,72,,,76,,,78,,,80,,,80,,,84,,
"Iceland",136,,,138,,,140,,,138,,,137,,,135,,,133,,,132,,,138,,,133,,,136,,,142,,,143,,,144,,,142,,,145,,,147,,,149,,,147,,,144,,,145,,,151,,,149,,,148,,,147,,,149,,,152,,,153,,,153,,,151,,,149,,,151,,,151,,,151,,,148,,,149,,,149,,,149,,,149,,,150,,,149,,,148,,,151,,,152,,,152,,,148,,,141,,,142,,,137,,,144,,,144,,,140,,,139,,,141,,,141,,,142,,,144,,,144,,,133,,,130,,,130,,,131,,,131,,,122,,,119,,,121,,,124,,,122,,,126,,,122,,,119,,,119,,,122,,,121,,,119,,,119,,,118,,,119,,,121,,
"India",19,,,19,,,19,,,19,,,18,,,17,,,17,,,17,,,17,,,17,,,17,,,17,,,17,,,17,,,17,,,17,,,17,,,17,,,17,,,18,,,17,,,17,,,17,,,17,,,17,,,17,,,17,,,17,,,17,,,17,,,18,,,19,,,19,,,19,,,19,,,18,,,18,,,19,,,19,,,18,,,19,,,18,,,18,,,18,,,18,,,18,,,18,,,18,,,18,,,18,,,18,,,18,,,18,,,18,,,18,,,18,,,18,,,18,,,18,,,18,,,17,,,17,,,16,,,16,,,15,,,15,,,15,,,15,,,14,,,14,,,14,,,14,,,14,,,13,,,13,,,12,,,10,,,9,,,9,,
"Indonesia",18,,,18,,,18,,,18,,,17,,,18,,,19,,,18,,,18,,,18,,,18,,,18,,,18,,,18,,,18,,,18,,,18,,,18,,,18,,,17,,,19,,,19,,,19,,,19,,,19,,,19,,,19,,,20,,,19,,,18,,,19,,,20,,,20,,,20,,,21,,,20,,,20,,,20,,,20,,,21,,,21,,,22,,,20,,,23,,,25,,,20,,,20,,,20,,,21,,,19,,,20,,,20,,,20,,,20,,,21,,,20,,,19,,,25,,,25,,,25,,,25,,,25,,,25,,,25,,,25,,,25,,,24,,,21,,,21,,,25,,,25,,,25,,,25,,,25,,,25,,,25,,,25,,,25,,,25,,
"Iran (Islamic Republic of)",44,,,44,,,41,,,41,,,41,,,45,,,45,,,43,,,43,,,46,,,44,,,43,,,42,,,44,,,44,,,41,,,38,,,38,,,39,,,39,,,39,,,38,,,41,,,42,,,52,,,55,,,54,,,58,,,57,,,60,,,71,,,75,,,74,,,77,,,77,,,70,,,72,,,72,,,61,,,53,,,41,,,43,,,44,,,44,,,46,,,45,,,45,,,47,,,46,,,45,,,55,,,85,,,85,,,84,,,80,,,85,,,88,,,87,,,75,,,79,,,78,,,78,,,79,,,80,,,71,,,69,,,73,,,75,,,75,,,77,,,78,,,78,,,79,,,81,,,82,,,80,,,84,,,84,,,85,,
"Iraq",161,,,160,,,162,,,162,,,170,,,158,,,157,,,147,,,147,,,146,,,140,,,140,,,140,,,140,,,119,,,125,,,124,,,122,,,117,,,120,,,121,,,125,,,121,,,121,,,142,,,139,,,133,,,128,,,124,,,131,,,127,,,122,,,118,,,125,,,128,,,121,,,119,,,125,,,114,,,118,,,113,,,109,,,109,,,103,,,83,,,82,,,73,,,74,,,76,,,73,,,61,,,66,,,68,,,68,,,74,,,72,,,64,,,60,,,61,,,60,,,60,,,61,,,63,,,67,,,69,,,71,,,68,,,66,,,68,,,67,,,64,,,64,,,67,,,62,,,61,,,61,,,57,,,58,,,65,,
"Ireland",56,,,58,,,58,,,60,,,56,,,54,,,53,,,55,,,58,,,60,,,70,,,71,,,79,,,78,,,73,,,77,,,71,,,73,,,80,,,83,,,88,,,89,,,86,,,86,,,75,,,76,,,74,,,74,,,86,,,83,,,84,,,86,,,83,,,84,,,79,,,78,,,79,,,80,,,76,,,77,,,79,,,76,,,78,,,81,,,85,,,84,,,81,,,82,,,83,,,83,,,83,,,79,,,81,,,81,,,81,,,82,,,83,,,86,,,63,,,78,,,80,,,80,,,82,,,82,,,81,,,79,,,78,,,80,,,80,,,81,,,82,,,81,,,80,,,74,,,72,,,73,,,75,,,81,,,83,,
"Israel",42,,,42,,,44,,,42,,,42,,,43,,,43,,,45,,,45,,,45,,,45,,,44,,,44,,,45,,,45,,,45,,,45,,,44,,,44,,,45,,,45,,,46,,,50,,,55,,,47,,,43,,,42,,,42,,,42,,,42,,,44,,,45,,,45,,,45,,,46,,,44,,,44,,,43,,,45,,,42,,,43,,,42,,,43,,,43,,,43,,,40,,,43,,,44,,,43,,,44,,,44,,,44,,,44,,,42,,,44,,,42,,,45,,,41,,,39,,,40,,,40,,,39,,,42,,,41,,,40,,,37,,,35,,,35,,,36,,,38,,,35,,,37,,,48,,,60,,,62,,,64,,,59,,,57,,,58,,
"Italy",14,,,14,,,14,,,14,,,14,,,14,,,14,,,13,,,14,,,14,,,14,,,14,,,13,,,13,,,15,,,15,,,15,,,15,,,15,,,14,,,14,,,14,,,14,,,14,,,14,,,14,,,15,,,15,,,16,,,16,,,16,,,16,,,15,,,15,,,16,,,16,,,15,,,15,,,16,,,16,,,16,,,16,,,15,,,15,,,14,,,14,,,17,,,16,,,16,,,17,,,16,,,15,,,16,,,15,,,15,,,17,,,17,,,17,,,15,,,16,,,18,,,18,,,15,,,15,,,16,,,17,,,17,,,17,,,17,,,17,,,17,,,17,,,17,,,17,,,17,,,17,,,18,,,18,,,18,,
"Jamaica",36,,,34,,,39,,,43,,,45,,,46,,,47,,,48,,,53,,,55,,,56,,,52,,,51,,,49,,,53,,,49,,,53,,,49,,,51,,,50,,,52,,,50,,,47,,,49,,,49,,,45,,,46,,,44,,,45,,,45,,,47,,,46,,,46,,,46,,,50,,,51,,,45,,,44,,,50,,,51,,,52,,,50,,,48,,,45,,,49,,,48,,,50,,,46,,,52,,,51,,,49,,,50,,,50,,,47,,,50,,,50,,,46,,,45,,,47,,,45,,,44,,,44,,,44,,,45,,,47,,,45,,,45,,,43,,,41,,,41,,,44,,,43,,,42,,,40,,,40,,,39,,,43,,,44,,,45,,
"Japan",5,,,4,,,3,,,4,,,4,,,4,,,4,,,4,,,4,,,4,,,4,,,4,,,4,,,6,,,5,,,4,,,4,,,5,,,5,,,6,,,6,,,7,,,7,,,7,,,7,,,7,,,7,,,7,,,7,,,7,,,7,,,7,,,7,,,7,,,7,,,7,,,7,,,7,,,7,,,7,,,7,,,7,,,7,,,7,,,9,,,10,,,10,,,7,,,8,,,9,,,9,,,7,,,7,,,8,,,8,,,7,,,7,,,7,,,7,,,7,,,8,,,9,,,7,,,8,,,8,,,7,,,8,,,6,,,6,,,6,,,7,,,6,,,6,,,7,,,7,,,8,,,8,,,8,,,7,,
"Jersey",167,,,167,,,165,,,166,,,165,,,168,,,168,,,167,,,166,,,168,,,170,,,170,,,170,,,168,,,167,,,167,,,167,,,168,,,170,,,167,,,167,,,167,,,166,,,167,,,168,,,170,,,171,,,173,,,169,,,174,,,174,,,,,,,,,,,,177,,,,,,,,,,,,,,,,,,,,,,,,,,,,,,,,,,,,,,,,,,,,,,,,,,,,,,,,,,,,,,,,,,,,,,,,,,,,,,,,,,,,,,,174,,,175,,,174,,,174,,,161,,,172,,,173,,,174,,,175,,,174,,,173,,,,,,,,,,,,,,,,,
"Jordan",59,,,61,,,65,,,62,,,60,,,56,,,59,,,64,,,69,,,73,,,77,,,66,,,69,,,62,,,62,,,63,,,74,,,64,,,65,,,65,,,66,,,64,,,63,,,66,,,65,,,69,,,72,,,72,,,73,,,72,,,81,,,79,,,81,,,76,,,75,,,76,,,76,,,75,,,73,,,70,,,69,,,71,,,69,,,73,,,69,,,72,,,69,,,67,,,63,,,60,,,64,,,61,,,63,,,67,,,68,,,69,,,70,,,67,,,66,,,64,,,64,,,65,,,65,,,66,,,65,,,64,,,64,,,65,,,65,,,66,,,67,,,66,,,74,,,73,,,66,,,60,,,64,,,66,,,73,,
"Kenya",76,,,70,,,71,,,73,,,73,,,74,,,75,,,73,,,76,,,80,,,78,,,75,,,68,,,72,,,72,,,73,,,73,,,72,,,67,,,68,,,65,,,65,,,67,,,67,,,71,,,71,,,73,,,75,,,81,,,75,,,79,,,78,,,79,,,79,,,76,,,77,,,82,,,81,,,80,,,80,,,84,,,83,,,81,,,77,,,76,,,78,,,77,,,80,,,79,,,63,,,79,,,76,,,64,,,74,,,77,,,74,,,75,,,78,,,79,,,81,,,77,,,77,,,76,,,79,,,80,,,83,,,81,,,79,,,73,,,74,,,79,,,71,,,71,,,68,,,67,,,70,,,68,,,69,,,64,,
"Kiribati",,,,,,,,,,,,,,,,,,,,,,,,,,,,,,,161,,,160,,,161,,,155,,,169,,,169,,,169,,,151,,,157,,,157,,,158,,,159,,,158,,,157,,,159,,,161,,,161,,,149,,,149,,,147,,,148,,,147,,,159,,,162,,,162,,,153,,,154,,,155,,,153,,,157,,,154,,,153,,,155,,,155,,,155,,,155,,,154,,,156,,,156,,,157,,,160,,,173,,,173,,,173,,,173,,,158,,,156,,,155,,,153,,,155,,,154,,,154,,,151,,,150,,,148,,,147,,,148,,,149,,,148,,,148,,,148,,,147,,,149,,,149,,,148,,,150,,,151,,,151,,,152,,
"Kuwait",80,,,83,,,83,,,84,,,86,,,87,,,88,,,86,,,86,,,79,,,71,,,74,,,75,,,80,,,79,,,81,,,82,,,85,,,85,,,99,,,99,,,94,,,94,,,95,,,92,,,94,,,93,,,94,,,94,,,98,,,95,,,109,,,108,,,101,,,107,,,103,,,102,,,102,,,100,,,111,,,116,,,104,,,111,,,125,,,125,,,123,,,121,,,106,,,107,,,111,,,100,,,96,,,92,,,95,,,98,,,96,,,103,,,103,,,102,,,99,,,108,,,106,,,109,,,109,,,114,,,110,,,106,,,102,,,104,,,91,,,93,,,101,,,103,,,104,,,104,,,105,,,102,,,103,,,105,,
"Latvia",104,,,103,,,99,,,113,,,108,,,110,,,111,,,111,,,121,,,122,,,120,,,124,,,112,,,108,,,109,,,110,,,104,,,107,,,108,,,111,,,113,,,115,,,116,,,108,,,99,,,105,,,103,,,120,,,123,,,121,,,120,,,111,,,121,,,114,,,113,,,113,,,112,,,114,,,120,,,124,,,119,,,118,,,119,,,117,,,123,,,122,,,118,,,125,,,117,,,115,,,117,,,119,,,112,,,111,,,112,,,109,,,109,,,112,,,108,,,114,,,111,,,119,,,111,,,103,,,103,,,103,,,97,,,106,,,99,,,97,,,99,,,97,,,94,,,93,,,94,,,100,,,91,,,92,,,93,,
"Lebanon",55,,,62,,,60,,,59,,,61,,,61,,,57,,,60,,,57,,,65,,,62,,,60,,,64,,,60,,,59,,,60,,,61,,,61,,,62,,,61,,,57,,,56,,,51,,,51,,,59,,,57,,,53,,,55,,,58,,,56,,,54,,,56,,,58,,,59,,,52,,,54,,,52,,,53,,,56,,,48,,,48,,,48,,,51,,,50,,,53,,,51,,,53,,,52,,,50,,,47,,,46,,,46,,,45,,,52,,,53,,,48,,,47,,,56,,,57,,,58,,,49,,,56,,,54,,,52,,,52,,,56,,,57,,,56,,,55,,,53,,,56,,,47,,,50,,,61,,,64,,,66,,,67,,,63,,,70,,
"Liberia",151,,,147,,,143,,,142,,,142,,,134,,,132,,,114,,,123,,,121,,,127,,,138,,,137,,,128,,,139,,,139,,,140,,,137,,,148,,,149,,,147,,,152,,,155,,,155,,,151,,,128,,,129,,,129,,,136,,,132,,,134,,,129,,,132,,,121,,,125,,,141,,,129,,,130,,,132,,,133,,,138,,,152,,,149,,,144,,,147,,,146,,,137,,,137,,,151,,,141,,,140,,,141,,,140,,,140,,,139,,,141,,,135,,,141,,,143,,,143,,,157,,,145,,,149,,,149,,,145,,,152,,,150,,,155,,,150,,,149,,,147,,,146,,,139,,,141,,,142,,,146,,,139,,,140,,,140,,
"Libya",98,,,98,,,94,,,92,,,87,,,88,,,91,,,87,,,83,,,82,,,97,,,97,,,96,,,91,,,89,,,92,,,96,,,91,,,89,,,93,,,92,,,109,,,115,,,125,,,114,,,117,,,113,,,95,,,74,,,73,,,72,,,66,,,65,,,65,,,65,,,67,,,75,,,74,,,77,,,81,,,78,,,89,,,90,,,86,,,88,,,83,,,83,,,79,,,81,,,86,,,84,,,82,,,83,,,80,,,84,,,78,,,79,,,81,,,82,,,85,,,83,,,85,,,87,,,83,,,87,,,84,,,83,,,84,,,85,,,86,,,80,,,85,,,86,,,77,,,75,,,74,,,77,,,78,,,78,,
"Lithuania",115,,,91,,,97,,,96,,,100,,,101,,,99,,,101,,,101,,,106,,,105,,,108,,,103,,,106,,,97,,,98,,,99,,,100,,,97,,,98,,,96,,,96,,,95,,,93,,,89,,,89,,,94,,,104,,,97,,,99,,,102,,,101,,,99,,,95,,,93,,,94,,,93,,,93,,,89,,,98,,,93,,,88,,,95,,,105,,,109,,,107,,,100,,,96,,,89,,,76,,,69,,,75,,,73,,,75,,,71,,,86,,,85,,,85,,,87,,,93,,,93,,,93,,,78,,,77,,,76,,,68,,,66,,,63,,,67,,,68,,,65,,,77,,,65,,,64,,,57,,,56,,,63,,,64,,,60,,
"Madagascar",92,,,99,,,105,,,101,,,101,,,116,,,115,,,110,,,109,,,107,,,106,,,106,,,119,,,114,,,105,,,108,,,111,,,111,,,111,,,110,,,110,,,110,,,108,,,109,,,104,,,93,,,98,,,98,,,99,,,94,,,94,,,93,,,92,,,107,,,106,,,102,,,104,,,105,,,101,,,103,,,105,,,112,,,114,,,108,,,110,,,118,,,116,,,114,,,116,,,118,,,114,,,115,,,122,,,121,,,122,,,117,,,112,,,109,,,120,,,127,,,128,,,124,,,130,,,121,,,122,,,124,,,125,,,124,,,128,,,130,,,131,,,131,,,125,,,125,,,117,,,117,,,119,,,120,,,122,,
"Malaysia",11,,,12,,,12,,,11,,,11,,,11,,,11,,,10,,,11,,,11,,,10,,,8,,,11,,,10,,,10,,,9,,,8,,,8,,,7,,,7,,,7,,,5,,,5,,,5,,,5,,,5,,,5,,,6,,,6,,,6,,,6,,,6,,,6,,,6,,,6,,,6,,,6,,,6,,,6,,,6,,,6,,,5,,,4,,,4,,,4,,,5,,,6,,,6,,,6,,,6,,,5,,,5,,,5,,,5,,,5,,,5,,,5,,,5,,,5,,,5,,,5,,,5,,,5,,,5,,,5,,,5,,,5,,,5,,,5,,,5,,,5,,,5,,,5,,,5,,,5,,,5,,,5,,,5,,,5,,
"Maldives",129,,,145,,,146,,,146,,,146,,,138,,,136,,,136,,,139,,,147,,,147,,,147,,,149,,,133,,,132,,,133,,,136,,,135,,,135,,,140,,,138,,,132,,,131,,,129,,,157,,,159,,,130,,,134,,,140,,,143,,,147,,,150,,,148,,,147,,,149,,,174,,,171,,,170,,,168,,,145,,,150,,,151,,,152,,,149,,,151,,,166,,,166,,,153,,,150,,,151,,,152,,,147,,,145,,,148,,,151,,,152,,,148,,,151,,,146,,,145,,,144,,,139,,,139,,,138,,,135,,,127,,,128,,,129,,,132,,,142,,,142,,,142,,,147,,,151,,,149,,,143,,,146,,,147,,,148,,
"Malta",47,,,43,,,43,,,44,,,44,,,40,,,40,,,42,,,40,,,40,,,37,,,37,,,38,,,37,,,37,,,36,,,36,,,40,,,38,,,38,,,40,,,40,,,38,,,40,,,39,,,40,,,44,,,41,,,40,,,43,,,39,,,41,,,38,,,38,,,38,,,38,,,36,,,34,,,33,,,34,,,35,,,34,,,33,,,34,,,37,,,37,,,37,,,36,,,37,,,36,,,36,,,36,,,36,,,36,,,41,,,40,,,41,,,44,,,43,,,42,,,39,,,41,,,38,,,36,,,36,,,43,,,44,,,42,,,42,,,44,,,42,,,38,,,41,,,44,,,45,,,46,,,50,,,50,,,49,,
"Marshall Islands",153,,,150,,,141,,,141,,,140,,,140,,,140,,,149,,,150,,,150,,,145,,,146,,,148,,,148,,,158,,,157,,,159,,,157,,,157,,,157,,,158,,,159,,,158,,,157,,,149,,,151,,,153,,,141,,,141,,,140,,,141,,,141,,,154,,,153,,,151,,,146,,,146,,,146,,,145,,,148,,,144,,,143,,,143,,,142,,,145,,,130,,,136,,,133,,,134,,,138,,,136,,,160,,,154,,,154,,,157,,,137,,,134,,,134,,,128,,,132,,,132,,,132,,,132,,,135,,,136,,,137,,,137,,,136,,,140,,,140,,,139,,,139,,,140,,,138,,,140,,,136,,,140,,,139,,,138,,
"Martinique",93,,,94,,,95,,,99,,,96,,,98,,,96,,,102,,,104,,,110,,,112,,,112,,,110,,,105,,,108,,,109,,,108,,,106,,,106,,,104,,,105,,,104,,,111,,,113,,,107,,,119,,,121,,,117,,,122,,,122,,,122,,,124,,,111,,,110,,,110,,,119,,,118,,,113,,,123,,,121,,,136,,,119,,,117,,,113,,,112,,,112,,,111,,,108,,,105,,,106,,,109,,,113,,,117,,,105,,,94,,,97,,,94,,,90,,,91,,,92,,,92,,,92,,,94,,,92,,,93,,,91,,,90,,,90,,,92,,,93,,,100,,,100,,,100,,,100,,,100,,,99,,,101,,,101,,,99,,
"Mauritania",127,,,120,,,123,,,116,,,119,,,124,,,143,,,143,,,144,,,142,,,133,,,139,,,139,,,131,,,116,,,116,,,117,,,115,,,113,,,116,,,119,,,116,,,119,,,119,,,125,,,131,,,140,,,142,,,128,,,139,,,125,,,134,,,126,,,130,,,135,,,133,,,134,,,134,,,128,,,128,,,145,,,127,,,128,,,128,,,126,,,131,,,122,,,107,,,103,,,108,,,120,,,122,,,119,,,118,,,119,,,118,,,127,,,142,,,140,,,138,,,122,,,121,,,117,,,126,,,126,,,132,,,131,,,131,,,133,,,134,,,127,,,121,,,123,,,134,,,137,,,135,,,120,,,112,,,111,,
"Mauritius",74,,,73,,,73,,,75,,,67,,,66,,,65,,,71,,,71,,,68,,,72,,,73,,,71,,,68,,,69,,,69,,,72,,,68,,,73,,,80,,,81,,,79,,,81,,,83,,,70,,,64,,,68,,,70,,,64,,,64,,,62,,,63,,,71,,,74,,,72,,,72,,,71,,,65,,,66,,,66,,,66,,,67,,,67,,,67,,,67,,,67,,,68,,,70,,,69,,,67,,,65,,,62,,,62,,,62,,,65,,,64,,,62,,,62,,,70,,,71,,,67,,,62,,,62,,,76,,,78,,,73,,,77,,,72,,,79,,,71,,,73,,,70,,,69,,,67,,,68,,,63,,,62,,,67,,,63,,
"Mayotte",132,,,134,,,136,,,134,,,135,,,143,,,161,,,160,,,157,,,158,,,160,,,159,,,135,,,132,,,123,,,118,,,116,,,113,,,119,,,119,,,120,,,122,,,122,,,122,,,122,,,130,,,128,,,132,,,142,,,142,,,143,,,140,,,137,,,122,,,130,,,128,,,121,,,123,,,122,,,114,,,122,,,132,,,131,,,145,,,142,,,143,,,147,,,136,,,143,,,147,,,146,,,144,,,147,,,146,,,148,,,146,,,147,,,145,,,152,,,151,,,150,,,151,,,155,,,147,,,149,,,148,,,147,,,148,,,155,,,151,,,150,,,150,,,146,,,148,,,151,,,152,,,150,,,150,,,150,,
"Mexico",26,,,26,,,27,,,27,,,29,,,28,,,29,,,30,,,29,,,28,,,27,,,26,,,25,,,23,,,28,,,32,,,31,,,28,,,27,,,26,,,27,,,27,,,32,,,28,,,29,,,30,,,28,,,28,,,30,,,28,,,28,,,28,,,30,,,31,,,29,,,28,,,29,,,29,,,29,,,29,,,29,,,29,,,29,,,30,,,31,,,31,,,31,,,32,,,32,,,32,,,32,,,32,,,31,,,30,,,31,,,29,,,29,,,29,,,29,,,29,,,29,,,30,,,30,,,30,,,30,,,31,,,30,,,29,,,29,,,29,,,29,,,28,,,28,,,28,,,27,,,28,,,28,,,28,,,28,,
"Micronesia (Federated States of)",166,,,166,,,156,,,156,,,152,,,151,,,151,,,152,,,151,,,152,,,151,,,151,,,154,,,157,,,155,,,154,,,156,,,166,,,168,,,172,,,172,,,172,,,171,,,170,,,165,,,167,,,167,,,170,,,173,,,172,,,172,,,173,,,173,,,174,,,173,,,172,,,173,,,172,,,170,,,170,,,169,,,170,,,171,,,170,,,166,,,165,,,165,,,166,,,170,,,162,,,163,,,160,,,160,,,160,,,162,,,162,,,160,,,157,,,156,,,156,,,156,,,156,,,154,,,155,,,153,,,151,,,152,,,152,,,153,,,154,,,153,,,153,,,153,,,154,,,154,,,155,,,156,,,155,,,155,,
"Montenegro",,,"Not applicable",,,"Not applicable",,,"Not applicable",,,"Not applicable",,,"Not applicable",,,"Not applicable",,,"Not applicable",,,"Not applicable",168,,,170,,,150,,,155,,,152,,,151,,,153,,,153,,,146,,,161,,,160,,,160,,,162,,,157,,,161,,,162,,,155,,,158,,,159,,,163,,,167,,,167,,,166,,,163,,,163,,,163,,,163,,,161,,,161,,,161,,,157,,,164,,,159,,,161,,,161,,,157,,,160,,,160,,,163,,,163,,,164,,,165,,,165,,,165,,,164,,,164,,,156,,,157,,,155,,,154,,,155,,,154,,,155,,,155,,,152,,,156,,,154,,,153,,,153,,,153,,,152,,,150,,,151,,,154,,,154,,,153,,,153,,,153,,,144,,,146,,,146,,
"Montserrat",,,,,,,,,,,,,,,,159,,,158,,,,,,,,,,,,,,,,,,,,,,,,,,,,,,,,,,,,,,,161,,,,,,,,,,,,,,,,,,,,,,,,,,,,,,,,,167,,,168,,,168,,,166,,,166,,,162,,,162,,,162,,,160,,,162,,,164,,,158,,,159,,,159,,,158,,,159,,,159,,,159,,,159,,,159,,,162,,,159,,,158,,,158,,,160,,,160,,,157,,,158,,,159,,,159,,,159,,,159,,,156,,,,,,,,,,,,,,,,,,,,,,,,,,,,,,,,,,,,,,,,,,,,,,,,,,
"Morocco",64,,,65,,,63,,,65,,,66,,,62,,,66,,,47,,,46,,,44,,,36,,,36,,,35,,,35,,,31,,,29,,,27,,,25,,,24,,,23,,,23,,,23,,,24,,,27,,,27,,,27,,,27,,,26,,,26,,,26,,,26,,,26,,,26,,,26,,,25,,,24,,,25,,,25,,,26,,,25,,,25,,,25,,,24,,,24,,,23,,,21,,,19,,,21,,,19,,,21,,,22,,,25,,,25,,,25,,,25,,,25,,,23,,,24,,,24,,,24,,,23,,,23,,,23,,,23,,,23,,,23,,,22,,,22,,,23,,,24,,,23,,,23,,,20,,,21,,,21,,,22,,,23,,,23,,,23,,
"Mozambique",111,,,111,,,113,,,111,,,111,,,103,,,105,,,113,,,112,,,108,,,107,,,101,,,104,,,99,,,94,,,88,,,100,,,97,,,82,,,73,,,77,,,81,,,82,,,81,,,78,,,77,,,80,,,89,,,84,,,80,,,69,,,69,,,69,,,78,,,83,,,81,,,85,,,87,,,79,,,94,,,94,,,97,,,97,,,96,,,105,,,110,,,104,,,104,,,98,,,98,,,101,,,97,,,102,,,98,,,97,,,94,,,90,,,91,,,88,,,88,,,85,,,84,,,86,,,91,,,91,,,89,,,87,,,87,,,88,,,90,,,87,,,86,,,85,,,85,,,86,,,85,,,87,,,88,,,87,,
"Myanmar",140,,,139,,,142,,,143,,,143,,,145,,,146,,,146,,,146,,,135,,,137,,,137,,,129,,,138,,,125,,,122,,,125,,,116,,,118,,,125,,,142,,,120,,,117,,,116,,,116,,,109,,,95,,,93,,,93,,,100,,,104,,,105,,,101,,,98,,,103,,,101,,,91,,,86,,,90,,,84,,,87,,,84,,,79,,,87,,,91,,,93,,,95,,,95,,,92,,,93,,,90,,,99,,,110,,,100,,,101,,,103,,,96,,,99,,,103,,,101,,,96,,,115,,,120,,,104,,,109,,,98,,,95,,,97,,,91,,,87,,,90,,,91,,,92,,,94,,,99,,,102,,,104,,,104,,,103,,
"Namibia",109,,,110,,,114,,,114,,,116,,,113,,,118,,,120,,,115,,,112,,,113,,,115,,,124,,,107,,,88,,,93,,,86,,,84,,,86,,,91,,,90,,,90,,,90,,,89,,,90,,,86,,,84,,,81,,,75,,,86,,,87,,,89,,,86,,,88,,,87,,,82,,,80,,,84,,,84,,,87,,,77,,,86,,,86,,,84,,,89,,,94,,,99,,,86,,,93,,,94,,,91,,,94,,,94,,,92,,,92,,,90,,,93,,,94,,,107,,,102,,,101,,,104,,,88,,,90,,,88,,,87,,,86,,,86,,,90,,,105,,,91,,,92,,,95,,,91,,,90,,,92,,,76,,,73,,,69,,
"Nauru",,,,,,,,,,,,,,,,,,,,,,,,,,,,,,,,,,,,,,,,,,,,,,,,,,,,,,,174,,,176,,,176,,,175,,,174,,,173,,,173,,,175,,,,,,,,,,,,,,,178,,,176,,,176,,,173,,,174,,,173,,,174,,,173,,,172,,,171,,,171,,,175,,,175,,,175,,,175,,,175,,,175,,,178,,,178,,,176,,,177,,,176,,,176,,,176,,,177,,,177,,,177,,,177,,,173,,,,,,,,,,,,,,,,,,,,,,,,,,,,,,,,,,,,,,,,,,,,,,,,,,,,,,,,,,,,,,
"Netherlands (Kingdom of the)",8,,,8,,,8,,,8,,,9,,,8,,,8,,,8,,,8,,,10,,,11,,,11,,,10,,,9,,,9,,,8,,,7,,,7,,,8,,,8,,,8,,,9,,,9,,,8,,,9,,,9,,,9,,,8,,,9,,,9,,,9,,,9,,,9,,,10,,,10,,,10,,,11,,,11,,,11,,,12,,,11,,,12,,,12,,,11,,,10,,,9,,,8,,,8,,,7,,,7,,,7,,,8,,,8,,,7,,,7,,,8,,,8,,,8,,,9,,,8,,,7,,,7,,,8,,,7,,,7,,,9,,,10,,,10,,,10,,,10,,,10,,,10,,,10,,,10,,,10,,,11,,,11,,,11,,,11,,
"Netherlands Antilles",72,,,71,,,77,,,78,,,75,,,71,,,70,,,78,,,73,,,74,,,81,,,79,,,85,,,82,,,82,,,89,,,88,,,89,,,92,,,86,,,,,"Not applicable",,,"Not applicable",,,"Not applicable",,,"Not applicable",,,"Not applicable",,,"Not applicable",,,"Not applicable",,,"Not applicable",,,"Not applicable",,,"Not applicable",,,"Not applicable",,,"Not applicable",,,"Not applicable",,,"Not applicable",,,"Not applicable",,,"Not applicable",,,"Not applicable",,,"Not applicable",,,"Not applicable",,,"Not applicable",,,"Not applicable",,,"Not applicable",,,"Not applicable",,,"Not applicable",,,"Not applicable",,,"Not applicable",,,"Not applicable",,,"Not applicable",,,"Not applicable",,,"Not applicable",,,"Not applicable",,,"Not applicable",,,"Not applicable",,,"Not applicable",,,"Not applicable",,,"Not applicable",,,"Not applicable",,,"Not applicable",,,"Not applicable",,,"Not applicable",,,"Not applicable",,,"Not applicable",,,"Not applicable",,,"Not applicable",,,"Not applicable",,,"Not applicable",,,"Not applicable",,,"Not applicable",,,"Not applicable",,,"Not applicable",,,"Not applicable",,,"Not applicable",,,"Not applicable",,,"Not applicable",,,"Not applicable",,,"Not applicable",,,"Not applicable",,,"Not applicable",,,"Not applicable"
"New Caledonia",89,,,89,,,87,,,88,,,83,,,86,,,81,,,84,,,85,,,84,,,83,,,81,,,84,,,84,,,91,,,87,,,93,,,92,,,91,,,87,,,89,,,86,,,87,,,87,,,86,,,90,,,89,,,84,,,87,,,87,,,86,,,85,,,89,,,86,,,88,,,86,,,89,,,91,,,93,,,92,,,90,,,91,,,93,,,88,,,92,,,88,,,88,,,99,,,97,,,101,,,105,,,105,,,103,,,104,,,99,,,99,,,100,,,97,,,94,,,97,,,97,,,94,,,96,,,98,,,97,,,95,,,92,,,92,,,93,,,92,,,92,,,93,,,91,,,90,,,91,,,93,,,93,,,95,,,95,,
"New Zealand",46,,,47,,,47,,,46,,,46,,,44,,,44,,,44,,,42,,,43,,,46,,,46,,,49,,,51,,,56,,,57,,,58,,,57,,,58,,,57,,,58,,,61,,,56,,,59,,,54,,,54,,,55,,,51,,,54,,,57,,,55,,,53,,,53,,,52,,,53,,,52,,,51,,,52,,,54,,,56,,,55,,,58,,,57,,,49,,,45,,,46,,,47,,,49,,,49,,,55,,,51,,,53,,,52,,,51,,,51,,,54,,,54,,,53,,,53,,,54,,,56,,,51,,,51,,,48,,,49,,,49,,,48,,,48,,,48,,,52,,,48,,,50,,,52,,,52,,,56,,,57,,,60,,,60,,,59,,
"Nicaragua",142,,,126,,,124,,,123,,,126,,,119,,,117,,,117,,,116,,,116,,,117,,,123,,,121,,,118,,,114,,,115,,,120,,,120,,,116,,,117,,,117,,,146,,,134,,,146,,,146,,,144,,,145,,,140,,,127,,,127,,,132,,,142,,,140,,,137,,,136,,,134,,,133,,,144,,,141,,,135,,,132,,,134,,,135,,,130,,,129,,,126,,,115,,,122,,,124,,,128,,,147,,,142,,,142,,,142,,,142,,,139,,,136,,,135,,,132,,,116,,,116,,,114,,,124,,,117,,,115,,,114,,,120,,,120,,,119,,,121,,,125,,,117,,,117,,,123,,,127,,,128,,,122,,,115,,,112,,
"Nigeria",54,,,54,,,55,,,55,,,48,,,49,,,50,,,53,,,47,,,47,,,47,,,47,,,50,,,56,,,50,,,50,,,51,,,46,,,46,,,47,,,47,,,49,,,53,,,50,,,50,,,51,,,52,,,53,,,50,,,53,,,52,,,48,,,47,,,48,,,47,,,47,,,47,,,45,,,44,,,44,,,45,,,51,,,52,,,53,,,54,,,54,,,57,,,59,,,60,,,61,,,60,,,58,,,58,,,59,,,59,,,59,,,57,,,58,,,52,,,59,,,59,,,59,,,60,,,60,,,61,,,58,,,53,,,61,,,59,,,58,,,60,,,61,,,55,,,54,,,51,,,52,,,54,,,52,,,47,,
"Niue",,,,,,,,,,,,,,,,,,,,,,,,,,,,,,,,,,,,,,,,,,,,,,,,,,,,,,,173,,,175,,,175,,,174,,,173,,,172,,,172,,,174,,,174,,,177,,,175,,,177,,,,,,,,,,,,,,,,,,,,,,,,,,,,,,,,,,,,,,,,,,,,,,,,,,,,,,,,,,,,,,,,,,,,,,,,,,,,,,,,,,,,,,,,,,174,,,174,,,174,,,174,,,172,,,172,,,171,,,171,,,172,,,169,,,170,,,170,,,171,,,171,,,171,,,170,,,171,,,171,,,171,,,170,,
"Norfolk Island",174,,,174,,,173,,,174,,,173,,,175,,,175,,,172,,,172,,,174,,,175,,,174,,,174,,,175,,,174,,,174,,,174,,,174,,,176,,,178,,,178,,,177,,,176,,,175,,,176,,,178,,,178,,,171,,,171,,,170,,,170,,,171,,,171,,,171,,,171,,,167,,,167,,,166,,,165,,,176,,,176,,,177,,,178,,,178,,,178,,,178,,,178,,,175,,,175,,,175,,,176,,,179,,,180,,,180,,,180,,,180,,,180,,,180,,,179,,,179,,,179,,,179,,,178,,,178,,,179,,,178,,,178,,,177,,,176,,,177,,,178,,,179,,,180,,,180,,,178,,,179,,,179,,,179,,,179,,
"Northern Mariana Islands",156,,,156,,,164,,,163,,,161,,,164,,,164,,,152,,,151,,,152,,,151,,,151,,,154,,,157,,,155,,,154,,,156,,,154,,,150,,,151,,,154,,,149,,,153,,,154,,,154,,,157,,,158,,,158,,,159,,,154,,,156,,,155,,,156,,,154,,,153,,,152,,,153,,,154,,,163,,,166,,,160,,,149,,,136,,,131,,,137,,,138,,,138,,,154,,,153,,,154,,,154,,,152,,,150,,,151,,,153,,,153,,,153,,,153,,,154,,,153,,,152,,,153,,,150,,,153,,,152,,,150,,,151,,,151,,,151,,,153,,,152,,,152,,,152,,,152,,,152,,,154,,,155,,,154,,,154,,
"Norway",88,,,87,,,90,,,86,,,81,,,82,,,77,,,76,,,82,,,75,,,68,,,69,,,70,,,79,,,78,,,74,,,81,,,77,,,81,,,74,,,74,,,67,,,71,,,68,,,64,,,67,,,69,,,71,,,70,,,74,,,80,,,77,,,75,,,75,,,78,,,79,,,77,,,76,,,75,,,76,,,76,,,77,,,77,,,79,,,81,,,89,,,85,,,88,,,87,,,82,,,85,,,78,,,77,,,73,,,64,,,67,,,65,,,76,,,76,,,70,,,70,,,69,,,69,,,64,,,67,,,72,,,70,,,68,,,71,,,72,,,74,,,74,,,75,,,75,,,80,,,82,,,85,,,85,,,88,,
"Oman",43,,,46,,,48,,,45,,,43,,,42,,,41,,,40,,,44,,,42,,,35,,,34,,,36,,,34,,,39,,,39,,,40,,,37,,,37,,,37,,,37,,,39,,,37,,,37,,,36,,,36,,,34,,,35,,,36,,,36,,,36,,,37,,,37,,,35,,,36,,,37,,,38,,,38,,,38,,,35,,,34,,,35,,,35,,,36,,,36,,,36,,,35,,,34,,,34,,,34,,,35,,,34,,,34,,,34,,,35,,,33,,,34,,,33,,,34,,,34,,,35,,,35,,,34,,,35,,,35,,,34,,,34,,,34,,,34,,,34,,,36,,,34,,,36,,,42,,,42,,,42,,,41,,,36,,,37,,
"Pakistan",35,,,35,,,36,,,35,,,33,,,31,,,33,,,36,,,34,,,34,,,34,,,35,,,34,,,36,,,35,,,35,,,35,,,35,,,35,,,35,,,35,,,35,,,36,,,38,,,41,,,41,,,40,,,43,,,43,,,40,,,41,,,40,,,41,,,43,,,42,,,40,,,39,,,39,,,39,,,39,,,38,,,39,,,40,,,41,,,42,,,42,,,39,,,41,,,38,,,40,,,39,,,39,,,43,,,44,,,43,,,44,,,39,,,40,,,37,,,38,,,36,,,36,,,37,,,40,,,39,,,38,,,37,,,36,,,35,,,36,,,37,,,35,,,34,,,33,,,33,,,33,,,34,,,35,,,33,,
"Palau",156,,,156,,,158,,,158,,,156,,,155,,,154,,,154,,,153,,,154,,,154,,,154,,,160,,,157,,,155,,,154,,,156,,,154,,,154,,,154,,,156,,,163,,,162,,,163,,,164,,,166,,,166,,,169,,,168,,,168,,,169,,,170,,,170,,,168,,,168,,,168,,,168,,,167,,,,,,,,,,,,165,,,166,,,165,,,165,,,164,,,164,,,165,,,165,,,167,,,166,,,166,,,167,,,167,,,167,,,169,,,170,,,171,,,172,,,172,,,172,,,171,,,171,,,169,,,170,,,169,,,169,,,170,,,167,,,167,,,169,,,169,,,169,,,169,,,168,,,169,,,169,,,169,,,169,,
"Panama",37,,,36,,,34,,,32,,,31,,,32,,,31,,,31,,,33,,,33,,,29,,,28,,,32,,,31,,,27,,,26,,,25,,,29,,,31,,,30,,,26,,,26,,,27,,,24,,,24,,,24,,,23,,,24,,,24,,,23,,,24,,,24,,,25,,,25,,,26,,,25,,,26,,,26,,,25,,,24,,,24,,,27,,,27,,,27,,,27,,,27,,,27,,,27,,,27,,,27,,,27,,,28,,,27,,,27,,,26,,,26,,,26,,,26,,,26,,,26,,,26,,,26,,,26,,,26,,,26,,,26,,,26,,,26,,,26,,,26,,,26,,,26,,,26,,,26,,,26,,,26,,,26,,,26,,,26,,
"Papua New Guinea",114,,,105,,,106,,,100,,,99,,,99,,,97,,,97,,,98,,,96,,,100,,,98,,,99,,,102,,,112,,,112,,,112,,,112,,,114,,,112,,,114,,,111,,,107,,,105,,,106,,,101,,,97,,,96,,,96,,,95,,,93,,,94,,,95,,,96,,,96,,,88,,,87,,,88,,,88,,,89,,,91,,,92,,,91,,,90,,,87,,,87,,,87,,,90,,,90,,,90,,,89,,,89,,,91,,,93,,,93,,,92,,,92,,,92,,,92,,,91,,,91,,,91,,,93,,,93,,,92,,,90,,,88,,,88,,,89,,,88,,,89,,,89,,,87,,,88,,,88,,,88,,,88,,,90,,,91,,
"Paraguay",,,,,,,,,,,,,,,,,,,,,,166,,,165,,,167,,,169,,,169,,,169,,,167,,,166,,,166,,,166,,,167,,,169,,,173,,,173,,,173,,,172,,,171,,,171,,,173,,,173,,,176,,,177,,,155,,,177,,,175,,,175,,,176,,,179,,,178,,,178,,,177,,,176,,,175,,,175,,,176,,,176,,,176,,,176,,,176,,,176,,,176,,,176,,,177,,,170,,,169,,,170,,,170,,,170,,,168,,,169,,,169,,,170,,,169,,,169,,,168,,,168,,,165,,,165,,,164,,,163,,,164,,,162,,,161,,,161,,,162,,,161,,,162,,,162,,,162,,,162,,,164,,,164,,
"Peru",51,,,49,,,49,,,49,,,51,,,51,,,49,,,51,,,55,,,50,,,52,,,53,,,53,,,50,,,46,,,46,,,48,,,47,,,48,,,44,,,43,,,44,,,43,,,43,,,45,,,44,,,43,,,45,,,44,,,44,,,43,,,42,,,43,,,42,,,43,,,43,,,42,,,42,,,41,,,41,,,44,,,45,,,42,,,42,,,40,,,43,,,42,,,42,,,44,,,43,,,43,,,40,,,38,,,39,,,39,,,38,,,38,,,39,,,42,,,41,,,42,,,43,,,41,,,42,,,43,,,42,,,41,,,41,,,40,,,42,,,41,,,39,,,38,,,37,,,37,,,37,,,37,,,39,,,40,,
"Philippines",34,,,37,,,38,,,37,,,37,,,35,,,36,,,35,,,36,,,38,,,43,,,38,,,37,,,38,,,36,,,37,,,37,,,36,,,36,,,36,,,36,,,36,,,35,,,35,,,35,,,37,,,35,,,33,,,32,,,33,,,33,,,33,,,34,,,33,,,34,,,36,,,35,,,35,,,34,,,33,,,30,,,30,,,30,,,29,,,29,,,29,,,30,,,30,,,30,,,31,,,30,,,30,,,30,,,29,,,29,,,31,,,32,,,31,,,32,,,33,,,34,,,33,,,33,,,33,,,34,,,33,,,32,,,31,,,31,,,30,,,28,,,30,,,31,,,30,,,30,,,30,,,30,,,29,,,29,,
"Poland",79,,,76,,,75,,,77,,,76,,,78,,,76,,,90,,,90,,,89,,,93,,,94,,,91,,,86,,,77,,,62,,,59,,,59,,,59,,,60,,,61,,,59,,,57,,,56,,,55,,,53,,,57,,,54,,,52,,,50,,,45,,,44,,,44,,,47,,,45,,,46,,,46,,,47,,,42,,,47,,,47,,,47,,,47,,,46,,,44,,,44,,,44,,,43,,,42,,,38,,,42,,,41,,,39,,,38,,,37,,,36,,,36,,,36,,,36,,,36,,,37,,,38,,,39,,,37,,,37,,,39,,,39,,,40,,,43,,,43,,,43,,,41,,,39,,,38,,,39,,,38,,,38,,,38,,,36,,
"Portugal",31,,,32,,,33,,,34,,,32,,,34,,,35,,,34,,,32,,,30,,,33,,,31,,,30,,,33,,,29,,,25,,,26,,,30,,,30,,,34,,,33,,,30,,,31,,,31,,,30,,,29,,,29,,,30,,,28,,,30,,,30,,,30,,,29,,,30,,,31,,,31,,,31,,,31,,,30,,,31,,,31,,,32,,,31,,,32,,,30,,,32,,,33,,,31,,,31,,,28,,,28,,,27,,,28,,,33,,,33,,,34,,,33,,,34,,,33,,,31,,,31,,,31,,,31,,,31,,,31,,,29,,,29,,,30,,,30,,,31,,,31,,,31,,,30,,,29,,,29,,,29,,,31,,,31,,,30,,
"Puerto Rico",58,,,57,,,62,,,58,,,59,,,63,,,58,,,62,,,63,,,67,,,66,,,72,,,72,,,69,,,70,,,71,,,67,,,70,,,70,,,77,,,79,,,83,,,83,,,84,,,88,,,88,,,85,,,82,,,83,,,90,,,88,,,88,,,87,,,85,,,85,,,93,,,99,,,112,,,106,,,107,,,97,,,90,,,88,,,92,,,93,,,92,,,84,,,92,,,100,,,100,,,95,,,92,,,87,,,86,,,86,,,83,,,89,,,88,,,90,,,86,,,87,,,86,,,85,,,89,,,90,,,88,,,89,,,89,,,87,,,85,,,86,,,87,,,84,,,92,,,92,,,94,,,94,,,94,,,90,,
"Qatar",91,,,95,,,96,,,94,,,95,,,94,,,95,,,93,,,93,,,93,,,88,,,91,,,97,,,103,,,104,,,105,,,107,,,109,,,110,,,106,,,107,,,99,,,101,,,99,,,94,,,97,,,102,,,109,,,116,,,123,,,119,,,118,,,116,,,105,,,104,,,112,,,111,,,100,,,98,,,91,,,92,,,110,,,94,,,114,,,82,,,76,,,140,,,73,,,59,,,58,,,54,,,52,,,53,,,53,,,54,,,55,,,55,,,49,,,55,,,51,,,51,,,48,,,48,,,51,,,54,,,54,,,49,,,51,,,45,,,40,,,40,,,49,,,49,,,49,,,52,,,50,,,51,,,53,,,57,,
"Republic of Korea",9,,,9,,,9,,,9,,,8,,,9,,,9,,,9,,,9,,,9,,,8,,,7,,,5,,,4,,,6,,,5,,,5,,,4,,,4,,,4,,,4,,,4,,,4,,,4,,,4,,,4,,,4,,,4,,,3,,,4,,,4,,,3,,,3,,,3,,,3,,,3,,,3,,,3,,,3,,,3,,,3,,,3,,,3,,,3,,,3,,,3,,,3,,,3,,,3,,,3,,,3,,,3,,,3,,,3,,,3,,,2,,,3,,,3,,,3,,,3,,,3,,,3,,,3,,,2,,,2,,,2,,,2,,,2,,,2,,,2,,,2,,,2,,,2,,,2,,,2,,,2,,,2,,,2,,,2,,
"Republic of Moldova",,,,,,,,,,,,,,,,,,,,,,,,,,,,,,,,,,,,,,,,,,,,,,,,,,,,,,,,,,,,,,,,,,,,,,,,,174,,,176,,,176,,,179,,,178,,,178,,,179,,,177,,,177,,,177,,,180,,,179,,,179,,,178,,,177,,,177,,,177,,,178,,,179,,,179,,,179,,,179,,,179,,,179,,,179,,,179,,,179,,,178,,,179,,,179,,,179,,,179,,,179,,,179,,,178,,,178,,,178,,,178,,,,,,,,,,,,,,,,,,,,,,,,,,,,,,,,,,,,,,,,,,,,,,,,,,,,,
"Reunion",87,,,86,,,89,,,91,,,90,,,89,,,90,,,91,,,91,,,91,,,90,,,93,,,86,,,89,,,83,,,84,,,84,,,93,,,94,,,88,,,83,,,87,,,88,,,91,,,113,,,92,,,96,,,97,,,95,,,96,,,99,,,95,,,91,,,97,,,98,,,92,,,92,,,90,,,91,,,88,,,85,,,74,,,74,,,75,,,73,,,81,,,80,,,78,,,80,,,84,,,92,,,90,,,90,,,91,,,91,,,81,,,80,,,89,,,89,,,89,,,90,,,89,,,92,,,88,,,86,,,86,,,85,,,83,,,86,,,89,,,88,,,88,,,88,,,86,,,83,,,68,,,72,,,77,,,77,,
"Romania",65,,,63,,,61,,,61,,,62,,,59,,,54,,,49,,,48,,,54,,,57,,,57,,,65,,,77,,,81,,,79,,,77,,,82,,,83,,,85,,,86,,,85,,,84,,,76,,,82,,,84,,,75,,,68,,,69,,,68,,,68,,,72,,,72,,,71,,,73,,,68,,,68,,,67,,,67,,,69,,,70,,,72,,,65,,,69,,,72,,,64,,,72,,,71,,,71,,,72,,,76,,,77,,,78,,,77,,,75,,,76,,,77,,,74,,,81,,,75,,,75,,,75,,,77,,,72,,,68,,,66,,,67,,,69,,,70,,,70,,,68,,,67,,,63,,,83,,,84,,,83,,,86,,,86,,,89,,
"Russian Federation",33,,,31,,,32,,,31,,,30,,,30,,,30,,,27,,,28,,,29,,,31,,,27,,,26,,,28,,,33,,,33,,,28,,,26,,,26,,,28,,,30,,,28,,,26,,,25,,,25,,,18,,,18,,,18,,,18,,,19,,,20,,,17,,,18,,,18,,,18,,,19,,,21,,,21,,,22,,,20,,,20,,,24,,,25,,,25,,,22,,,24,,,26,,,26,,,26,,,26,,,26,,,26,,,24,,,26,,,27,,,27,,,28,,,30,,,30,,,30,,,30,,,29,,,28,,,28,,,27,,,40,,,42,,,39,,,39,,,35,,,32,,,32,,,32,,,32,,,32,,,32,,,32,,,32,,,32,,
"Saint Helena",,,,,,,,,,,,,,,,,,,,,,,,,,,,,,,,,,,,,,,,,,,,,,,,,,,,,,,,,,,,,,,,,,,,,,,,,,,,,,,,,,,,,,,,,,,,,,,,,,,,,,,,,,,,,,,,,,,,,,,,,,,,,,,,,,,,,,,,,,,,,,,,,,,,,,,,,,,,,,,,,,,,,,,,,,,,,,,,,,,,,,,,,,,,,,,,,,,,,,,,,,,,,,,,,,,,,,,,,179,,,179,,,177,,,178,,,178,,,178,,,178,,
"Saint Kitts and Nevis",148,,,152,,,153,,,153,,,154,,,136,,,127,,,131,,,134,,,138,,,135,,,129,,,128,,,130,,,129,,,128,,,129,,,129,,,129,,,142,,,144,,,147,,,146,,,145,,,144,,,147,,,148,,,150,,,151,,,156,,,146,,,146,,,145,,,146,,,146,,,145,,,144,,,143,,,140,,,142,,,143,,,138,,,140,,,138,,,136,,,137,,,125,,,127,,,128,,,136,,,135,,,124,,,127,,,129,,,127,,,127,,,141,,,139,,,138,,,147,,,146,,,147,,,144,,,151,,,151,,,149,,,149,,,150,,,149,,,163,,,164,,,164,,,163,,,164,,,164,,,164,,,164,,,162,,,161,,
"Saint Lucia",124,,,127,,,127,,,126,,,118,,,111,,,112,,,115,,,114,,,113,,,115,,,113,,,111,,,119,,,115,,,117,,,118,,,118,,,120,,,121,,,131,,,133,,,129,,,126,,,121,,,116,,,116,,,115,,,114,,,110,,,107,,,108,,,113,,,113,,,115,,,115,,,116,,,115,,,116,,,119,,,120,,,126,,,138,,,134,,,121,,,120,,,135,,,130,,,126,,,126,,,122,,,129,,,131,,,126,,,123,,,143,,,145,,,131,,,144,,,140,,,137,,,137,,,137,,,131,,,127,,,128,,,129,,,127,,,125,,,124,,,123,,,124,,,118,,,124,,,122,,,123,,,124,,,123,,,125,,
"Saint Pierre and Miquelon",,,,,,,,,,,,,,,,,,,,,,,,,,,,,,,,,,,,,,,,,,,,,,,,,,,,,,,,,,,,,,,,,,,,,,,,,,,,,,,,,,,,,,,,,,,,,,,,,,,,,,,,,,,,,,,,,,,,,,,,,,,,,,,,,,,,,,,,,,,,,,,,,,,,,,,,,,,,,,,,,,,,,,,,,,,,,,,,,,,,,,,,,,,,,,,,,,,,,,,,,,,,,,,,,,,177,,,178,,,178,,,178,,,176,,,177,,,177,,,177,,,177,,
"Saint Vincent and the Grenadines",119,,,122,,,119,,,121,,,114,,,115,,,122,,,122,,,113,,,115,,,116,,,119,,,118,,,134,,,131,,,132,,,134,,,133,,,132,,,143,,,133,,,134,,,132,,,128,,,124,,,114,,,115,,,114,,,113,,,116,,,108,,,110,,,115,,,115,,,116,,,116,,,140,,,139,,,138,,,117,,,112,,,113,,,121,,,112,,,115,,,114,,,124,,,126,,,127,,,132,,,130,,,130,,,129,,,123,,,129,,,125,,,124,,,120,,,126,,,126,,,126,,,127,,,123,,,143,,,138,,,138,,,139,,,139,,,135,,,137,,,141,,,141,,,141,,,142,,,141,,,140,,,143,,,143,,,143,,
"Samoa",103,,,106,,,104,,,108,,,107,,,107,,,104,,,103,,,106,,,103,,,110,,,107,,,108,,,109,,,117,,,119,,,119,,,124,,,130,,,128,,,129,,,124,,,127,,,133,,,132,,,129,,,127,,,131,,,131,,,130,,,130,,,128,,,129,,,138,,,138,,,139,,,138,,,136,,,136,,,138,,,126,,,133,,,122,,,120,,,132,,,128,,,131,,,132,,,132,,,134,,,131,,,121,,,121,,,120,,,120,,,116,,,115,,,113,,,111,,,110,,,110,,,109,,,107,,,105,,,106,,,105,,,104,,,107,,,107,,,108,,,112,,,112,,,114,,,115,,,113,,,114,,,115,,,117,,,118,,
"Sao Tome and Principe",149,,,151,,,151,,,155,,,160,,,163,,,162,,,161,,,160,,,156,,,158,,,158,,,158,,,160,,,165,,,165,,,154,,,144,,,145,,,148,,,151,,,145,,,143,,,144,,,143,,,146,,,147,,,151,,,150,,,149,,,152,,,152,,,146,,,150,,,158,,,158,,,150,,,153,,,155,,,156,,,156,,,156,,,157,,,156,,,156,,,157,,,157,,,160,,,161,,,161,,,158,,,156,,,153,,,153,,,155,,,151,,,161,,,160,,,161,,,161,,,161,,,164,,,165,,,161,,,159,,,158,,,158,,,159,,,161,,,160,,,155,,,156,,,156,,,156,,,158,,,157,,,158,,,158,,,158,,
"Saudi Arabia",21,,,21,,,21,,,21,,,20,,,20,,,20,,,20,,,20,,,20,,,20,,,20,,,20,,,20,,,20,,,20,,,20,,,20,,,21,,,22,,,21,,,21,,,21,,,20,,,21,,,23,,,25,,,25,,,25,,,25,,,25,,,25,,,24,,,24,,,23,,,23,,,24,,,24,,,24,,,28,,,28,,,28,,,26,,,26,,,26,,,25,,,24,,,25,,,25,,,23,,,24,,,23,,,26,,,24,,,22,,,23,,,24,,,23,,,22,,,22,,,22,,,22,,,21,,,22,,,22,,,22,,,21,,,23,,,20,,,19,,,19,,,18,,,21,,,24,,,24,,,24,,,24,,,24,,,24,,
"Senegal",69,,,66,,,68,,,70,,,65,,,67,,,71,,,72,,,72,,,62,,,64,,,67,,,67,,,67,,,68,,,72,,,66,,,75,,,78,,,79,,,76,,,77,,,75,,,74,,,73,,,81,,,82,,,83,,,89,,,84,,,85,,,84,,,84,,,83,,,80,,,83,,,78,,,77,,,78,,,75,,,80,,,80,,,82,,,76,,,78,,,75,,,75,,,77,,,73,,,81,,,77,,,84,,,86,,,87,,,88,,,88,,,82,,,83,,,80,,,77,,,82,,,83,,,81,,,78,,,82,,,81,,,74,,,82,,,82,,,80,,,71,,,82,,,83,,,82,,,74,,,81,,,83,,,75,,,75,,
"Serbia and Montenegro",169,,,169,,,167,,,168,,,167,,,170,,,170,,,169,,,,,"Not applicable",,,"Not applicable",,,"Not applicable",,,"Not applicable",,,"Not applicable",,,"Not applicable",,,"Not applicable",,,"Not applicable",,,"Not applicable",,,"Not applicable",,,"Not applicable",,,"Not applicable",,,"Not applicable",,,"Not applicable",,,"Not applicable",,,"Not applicable",,,"Not applicable",,,"Not applicable",,,"Not applicable",,,"Not applicable",,,"Not applicable",,,"Not applicable",,,"Not applicable",,,"Not applicable",,,"Not applicable",,,"Not applicable",,,"Not applicable",,,"Not applicable",,,"Not applicable",,,"Not applicable",,,"Not applicable",,,"Not applicable",,,"Not applicable",,,"Not applicable",,,"Not applicable",,,"Not applicable",,,"Not applicable",,,"Not applicable",,,"Not applicable",,,"Not applicable",,,"Not applicable",,,"Not applicable",,,"Not applicable",,,"Not applicable",,,"Not applicable",,,"Not applicable",,,"Not applicable",,,"Not applicable",,,"Not applicable",,,"Not applicable",,,"Not applicable",,,"Not applicable",,,"Not applicable",,,"Not applicable",,,"Not applicable",,,"Not applicable",,,"Not applicable",,,"Not applicable",,,"Not applicable",,,"Not applicable",,,"Not applicable",,,"Not applicable",,,"Not applicable",,,"Not applicable",,,"Not applicable",,,"Not applicable",,,"Not applicable",,,"Not applicable",,,"Not applicable",,,"Not applicable",,,"Not applicable"
"Seychelles",138,,,125,,,122,,,120,,,123,,,130,,,129,,,129,,,133,,,137,,,134,,,135,,,134,,,123,,,122,,,136,,,137,,,136,,,133,,,124,,,125,,,140,,,145,,,120,,,119,,,124,,,124,,,123,,,125,,,125,,,126,,,126,,,131,,,131,,,123,,,123,,,130,,,131,,,130,,,120,,,123,,,130,,,144,,,141,,,140,,,141,,,144,,,140,,,138,,,142,,,141,,,127,,,124,,,124,,,125,,,123,,,120,,,121,,,122,,,129,,,129,,,123,,,128,,,118,,,121,,,116,,,119,,,118,,,122,,,132,,,130,,,130,,,134,,,133,,,131,,,124,,,125,,,128,,,130,,
"Sierra Leone",151,,,147,,,143,,,147,,,149,,,152,,,152,,,130,,,130,,,134,,,131,,,132,,,130,,,128,,,151,,,151,,,152,,,146,,,148,,,149,,,147,,,152,,,155,,,152,,,145,,,145,,,151,,,133,,,135,,,136,,,136,,,130,,,130,,,124,,,132,,,126,,,123,,,117,,,119,,,126,,,130,,,140,,,141,,,133,,,139,,,140,,,128,,,128,,,129,,,125,,,129,,,148,,,148,,,149,,,150,,,155,,,151,,,150,,,112,,,117,,,145,,,145,,,161,,,141,,,142,,,142,,,143,,,145,,,143,,,135,,,134,,,134,,,136,,,139,,,138,,,145,,,138,,,116,,,116,,
"Singapore",3,,,3,,,4,,,3,,,3,,,3,,,3,,,3,,,3,,,2,,,2,,,2,,,2,,,2,,,2,,,2,,,2,,,2,,,2,,,2,,,3,,,2,,,2,,,2,,,2,,,2,,,2,,,2,,,2,,,2,,,2,,,2,,,2,,,2,,,2,,,2,,,2,,,2,,,2,,,2,,,2,,,2,,,2,,,2,,,2,,,2,,,2,,,2,,,2,,,2,,,2,,,2,,,2,,,2,,,2,,,3,,,2,,,2,,,2,,,2,,,2,,,2,,,2,,,3,,,3,,,3,,,3,,,3,,,3,,,3,,,3,,,3,,,3,,,3,,,3,,,3,,,3,,,3,,,3,,
"Sint Maarten (Dutch part)",,,"Not applicable",,,"Not applicable",,,"Not applicable",,,"Not applicable",,,"Not applicable",,,"Not applicable",,,"Not applicable",,,"Not applicable",,,"Not applicable",,,"Not applicable",,,"Not applicable",,,"Not applicable",,,"Not applicable",,,"Not applicable",,,"Not applicable",,,"Not applicable",,,"Not applicable",,,"Not applicable",,,"Not applicable",,,"Not applicable",111,,,108,,,105,,,100,,,100,,,103,,,107,,,107,,,107,,,107,,,106,,,107,,,106,,,108,,,108,,,109,,,109,,,104,,,102,,,104,,,106,,,95,,,96,,,93,,,94,,,96,,,94,,,93,,,91,,,99,,,102,,,100,,,97,,,96,,,96,,,95,,,95,,,98,,,101,,,100,,,95,,,97,,,97,,,108,,,107,,,108,,,107,,,108,,,108,,,109,,,106,,,109,,,109,,,110,,,109,,,110,,,111,,,109,,,107,,
"Slovenia",86,,,84,,,85,,,82,,,78,,,81,,,83,,,82,,,78,,,77,,,79,,,77,,,87,,,83,,,85,,,83,,,78,,,79,,,72,,,71,,,71,,,72,,,69,,,71,,,80,,,73,,,71,,,73,,,72,,,71,,,75,,,74,,,78,,,73,,,74,,,73,,,66,,,66,,,63,,,60,,,64,,,66,,,70,,,65,,,65,,,59,,,63,,,63,,,64,,,71,,,70,,,67,,,67,,,64,,,62,,,60,,,60,,,63,,,67,,,69,,,68,,,68,,,68,,,65,,,63,,,61,,,61,,,62,,,64,,,65,,,66,,,65,,,64,,,63,,,63,,,65,,,66,,,68,,,67,,
"Solomon Islands",135,,,118,,,132,,,131,,,132,,,132,,,130,,,125,,,125,,,127,,,123,,,118,,,116,,,115,,,121,,,124,,,130,,,142,,,136,,,135,,,134,,,118,,,118,,,115,,,115,,,121,,,119,,,118,,,119,,,112,,,110,,,106,,,105,,,106,,,105,,,107,,,105,,,106,,,111,,,112,,,108,,,115,,,120,,,116,,,113,,,109,,,103,,,115,,,113,,,109,,,110,,,108,,,107,,,110,,,109,,,114,,,114,,,111,,,119,,,115,,,115,,,113,,,110,,,113,,,112,,,112,,,112,,,112,,,110,,,112,,,110,,,111,,,113,,,114,,,112,,,113,,,113,,,113,,,115,,
"Somalia",144,,,146,,,148,,,145,,,145,,,147,,,149,,,148,,,148,,,148,,,148,,,149,,,150,,,152,,,149,,,148,,,148,,,145,,,144,,,145,,,146,,,148,,,147,,,147,,,,,,,,,175,,,178,,,166,,,159,,,155,,,153,,,147,,,143,,,144,,,143,,,141,,,140,,,143,,,139,,,141,,,136,,,133,,,119,,,119,,,115,,,113,,,110,,,123,,,127,,,128,,,123,,,123,,,125,,,121,,,119,,,116,,,114,,,110,,,109,,,107,,,112,,,112,,,106,,,101,,,101,,,103,,,104,,,109,,,110,,,107,,,102,,,102,,,96,,,96,,,91,,,92,,,93,,,102,,
"South Africa",32,,,33,,,31,,,29,,,27,,,29,,,26,,,29,,,31,,,32,,,30,,,32,,,33,,,32,,,30,,,27,,,29,,,27,,,29,,,31,,,29,,,33,,,34,,,33,,,34,,,34,,,36,,,36,,,34,,,34,,,34,,,34,,,35,,,36,,,35,,,34,,,33,,,36,,,37,,,37,,,37,,,38,,,39,,,38,,,39,,,39,,,40,,,39,,,41,,,42,,,41,,,43,,,41,,,43,,,42,,,43,,,42,,,42,,,41,,,43,,,43,,,42,,,43,,,44,,,42,,,44,,,43,,,46,,,49,,,45,,,45,,,46,,,45,,,48,,,47,,,49,,,52,,,49,,,46,,
"Spain",12,,,11,,,11,,,12,,,12,,,12,,,12,,,12,,,12,,,12,,,12,,,12,,,12,,,12,,,12,,,12,,,12,,,12,,,12,,,12,,,12,,,12,,,12,,,12,,,12,,,12,,,12,,,12,,,12,,,12,,,12,,,12,,,12,,,12,,,12,,,12,,,12,,,12,,,12,,,11,,,12,,,10,,,9,,,9,,,12,,,11,,,11,,,10,,,10,,,10,,,11,,,11,,,11,,,12,,,10,,,12,,,10,,,10,,,10,,,10,,,10,,,8,,,9,,,9,,,10,,,10,,,9,,,9,,,8,,,8,,,6,,,7,,,8,,,6,,,6,,,6,,,7,,,7,,,8,,
"Sri Lanka",24,,,22,,,23,,,22,,,22,,,22,,,22,,,23,,,23,,,23,,,21,,,22,,,23,,,26,,,24,,,24,,,24,,,23,,,25,,,25,,,25,,,25,,,25,,,26,,,26,,,26,,,26,,,27,,,27,,,27,,,27,,,27,,,27,,,27,,,27,,,27,,,27,,,27,,,27,,,27,,,26,,,23,,,22,,,21,,,21,,,23,,,25,,,23,,,23,,,24,,,25,,,22,,,23,,,23,,,24,,,24,,,21,,,20,,,19,,,19,,,19,,,19,,,20,,,21,,,21,,,21,,,23,,,24,,,24,,,23,,,24,,,24,,,23,,,22,,,22,,,21,,,20,,,22,,,21,,
"Sudan",,,"Not applicable",,,"Not applicable",,,"Not applicable",,,"Not applicable",,,"Not applicable",,,"Not applicable",,,"Not applicable",,,"Not applicable",,,"Not applicable",,,"Not applicable",,,"Not applicable",,,"Not applicable",,,"Not applicable",,,"Not applicable",,,"Not applicable",,,"Not applicable",,,"Not applicable",,,"Not applicable",,,"Not applicable",,,"Not applicable",,,"Not applicable",,,"Not applicable",,,"Not applicable",,,"Not applicable",117,,,123,,,123,,,124,,,121,,,120,,,115,,,115,,,110,,,116,,,109,,,106,,,103,,,101,,,103,,,99,,,95,,,108,,,105,,,115,,,111,,,90,,,93,,,103,,,125,,,133,,,125,,,132,,,132,,,134,,,134,,,135,,,126,,,127,,,129,,,122,,,134,,,141,,,138,,,133,,,146,,,139,,,141,,,135,,,118,,,119,,,121,,,128,,,124,,,119,,,124,,,112,,,130,,,125,,,120,,
"Sudan (...2011)",99,,,117,,,110,,,106,,,113,,,117,,,101,,,100,,,111,,,111,,,109,,,114,,,102,,,98,,,96,,,99,,,101,,,102,,,103,,,107,,,108,,,107,,,106,,,114,,,,,"Not applicable",,,"Not applicable",,,"Not applicable",,,"Not applicable",,,"Not applicable",,,"Not applicable",,,"Not applicable",,,"Not applicable",,,"Not applicable",,,"Not applicable",,,"Not applicable",,,"Not applicable",,,"Not applicable",,,"Not applicable",,,"Not applicable",,,"Not applicable",,,"Not applicable",,,"Not applicable",,,"Not applicable",,,"Not applicable",,,"Not applicable",,,"Not applicable",,,"Not applicable",,,"Not applicable",,,"Not applicable",,,"Not applicable",,,"Not applicable",,,"Not applicable",,,"Not applicable",,,"Not applicable",,,"Not applicable",,,"Not applicable",,,"Not applicable",,,"Not applicable",,,"Not applicable",,,"Not applicable",,,"Not applicable",,,"Not applicable",,,"Not applicable",,,"Not applicable",,,"Not applicable",,,"Not applicable",,,"Not applicable",,,"Not applicable",,,"Not applicable",,,"Not applicable",,,"Not applicable",,,"Not applicable",,,"Not applicable",,,"Not applicable",,,"Not applicable",,,"Not applicable",,,"Not applicable",,,"Not applicable",,,"Not applicable"
"Suriname",106,,,104,,,98,,,95,,,109,,,105,,,109,,,112,,,103,,,102,,,104,,,104,,,105,,,104,,,106,,,106,,,97,,,98,,,102,,,102,,,100,,,100,,,110,,,111,,,112,,,112,,,112,,,108,,,103,,,102,,,103,,,102,,,103,,,100,,,100,,,97,,,95,,,95,,,94,,,95,,,99,,,98,,,104,,,100,,,107,,,104,,,101,,,102,,,108,,,107,,,107,,,104,,,104,,,107,,,108,,,98,,,98,,,95,,,98,,,98,,,98,,,98,,,98,,,96,,,98,,,97,,,93,,,94,,,97,,,96,,,96,,,95,,,93,,,99,,,98,,,97,,,96,,,96,,,96,,
"Sweden",40,,,40,,,35,,,38,,,35,,,37,,,39,,,39,,,41,,,41,,,41,,,40,,,41,,,39,,,38,,,38,,,39,,,39,,,40,,,40,,,38,,,37,,,39,,,36,,,37,,,35,,,37,,,38,,,38,,,39,,,38,,,38,,,39,,,39,,,39,,,39,,,43,,,46,,,40,,,40,,,42,,,41,,,41,,,39,,,32,,,34,,,36,,,38,,,39,,,41,,,40,,,42,,,40,,,40,,,38,,,41,,,43,,,46,,,45,,,44,,,46,,,46,,,45,,,43,,,44,,,41,,,40,,,44,,,44,,,46,,,47,,,45,,,44,,,41,,,41,,,41,,,44,,,45,,,44,,
"Syrian Arab Republic",82,,,81,,,82,,,85,,,91,,,91,,,82,,,83,,,70,,,76,,,74,,,83,,,90,,,92,,,75,,,78,,,80,,,87,,,93,,,76,,,78,,,78,,,79,,,77,,,76,,,79,,,79,,,87,,,88,,,88,,,89,,,100,,,100,,,102,,,99,,,104,,,97,,,97,,,108,,,108,,,118,,,120,,,116,,,109,,,102,,,129,,,114,,,116,,,110,,,121,,,119,,,112,,,116,,,115,,,115,,,113,,,113,,,110,,,114,,,118,,,117,,,122,,,115,,,116,,,118,,,120,,,123,,,123,,,124,,,126,,,124,,,125,,,137,,,128,,,121,,,121,,,117,,,126,,,137,,
"Thailand",20,,,20,,,20,,,20,,,21,,,21,,,21,,,21,,,21,,,22,,,23,,,23,,,21,,,21,,,21,,,21,,,21,,,22,,,22,,,21,,,22,,,22,,,22,,,22,,,22,,,25,,,24,,,23,,,23,,,24,,,23,,,23,,,23,,,23,,,24,,,26,,,23,,,23,,,23,,,23,,,23,,,20,,,23,,,22,,,24,,,26,,,22,,,22,,,24,,,25,,,23,,,21,,,21,,,22,,,20,,,21,,,22,,,21,,,20,,,20,,,21,,,20,,,19,,,19,,,20,,,20,,,18,,,18,,,19,,,20,,,20,,,21,,,22,,,20,,,20,,,19,,,19,,,20,,,20,,
"Timor-Leste",160,,,164,,,170,,,171,,,169,,,172,,,172,,,171,,,171,,,173,,,174,,,163,,,164,,,165,,,162,,,162,,,163,,,163,,,165,,,163,,,163,,,165,,,164,,,166,,,167,,,152,,,150,,,152,,,152,,,150,,,153,,,148,,,149,,,148,,,150,,,150,,,151,,,152,,,159,,,161,,,163,,,164,,,164,,,162,,,162,,,163,,,162,,,162,,,163,,,164,,,164,,,162,,,161,,,161,,,163,,,163,,,163,,,163,,,165,,,164,,,163,,,161,,,162,,,162,,,160,,,159,,,164,,,165,,,158,,,155,,,158,,,158,,,158,,,158,,,159,,,159,,,159,,,159,,,160,,
"Togo",78,,,80,,,78,,,79,,,84,,,85,,,87,,,89,,,87,,,85,,,82,,,82,,,82,,,74,,,66,,,67,,,70,,,69,,,66,,,75,,,68,,,71,,,77,,,82,,,85,,,82,,,87,,,80,,,80,,,82,,,73,,,76,,,77,,,68,,,68,,,63,,,59,,,59,,,58,,,61,,,59,,,68,,,61,,,60,,,62,,,63,,,60,,,57,,,58,,,57,,,53,,,55,,,55,,,56,,,57,,,58,,,59,,,57,,,58,,,56,,,55,,,57,,,55,,,54,,,53,,,51,,,54,,,54,,,57,,,57,,,57,,,57,,,57,,,56,,,55,,,55,,,45,,,43,,,43,,
"Tonga",117,,,121,,,117,,,130,,,130,,,129,,,134,,,139,,,141,,,140,,,138,,,131,,,131,,,136,,,133,,,134,,,135,,,138,,,140,,,138,,,140,,,136,,,138,,,141,,,139,,,136,,,138,,,138,,,132,,,133,,,129,,,127,,,128,,,135,,,137,,,147,,,147,,,147,,,146,,,144,,,137,,,129,,,122,,,120,,,120,,,119,,,120,,,124,,,121,,,122,,,127,,,125,,,125,,,127,,,124,,,144,,,138,,,136,,,136,,,120,,,118,,,116,,,113,,,112,,,116,,,115,,,117,,,115,,,114,,,115,,,115,,,115,,,115,,,116,,,118,,,120,,,121,,,122,,,123,,
"Trinidad and Tobago",50,,,52,,,54,,,52,,,54,,,55,,,56,,,54,,,54,,,57,,,59,,,59,,,57,,,47,,,48,,,56,,,57,,,55,,,56,,,55,,,54,,,53,,,61,,,60,,,57,,,58,,,60,,,62,,,62,,,62,,,61,,,61,,,61,,,61,,,61,,,60,,,64,,,60,,,64,,,65,,,63,,,61,,,73,,,72,,,74,,,74,,,74,,,72,,,77,,,77,,,78,,,74,,,75,,,72,,,73,,,71,,,73,,,72,,,78,,,73,,,74,,,73,,,73,,,75,,,79,,,76,,,76,,,78,,,77,,,79,,,81,,,79,,,77,,,79,,,79,,,79,,,82,,,79,,,82,,
"Tunisia",83,,,85,,,84,,,83,,,82,,,83,,,92,,,85,,,84,,,90,,,91,,,84,,,83,,,81,,,86,,,85,,,79,,,81,,,79,,,78,,,80,,,76,,,76,,,79,,,81,,,91,,,90,,,90,,,98,,,92,,,91,,,90,,,90,,,92,,,90,,,99,,,94,,,89,,,92,,,90,,,88,,,99,,,99,,,97,,,97,,,97,,,96,,,98,,,99,,,95,,,96,,,101,,,99,,,101,,,104,,,102,,,108,,,107,,,113,,,119,,,120,,,117,,,121,,,115,,,120,,,117,,,116,,,114,,,127,,,125,,,117,,,116,,,112,,,112,,,123,,,122,,,123,,,118,,,117,,
"Turkiye",23,,,24,,,22,,,23,,,23,,,23,,,23,,,22,,,22,,,21,,,22,,,21,,,22,,,27,,,23,,,23,,,23,,,24,,,23,,,24,,,24,,,24,,,23,,,23,,,23,,,21,,,21,,,21,,,21,,,21,,,21,,,21,,,21,,,21,,,20,,,21,,,22,,,22,,,21,,,22,,,22,,,21,,,21,,,20,,,20,,,19,,,21,,,19,,,20,,,20,,,19,,,19,,,19,,,19,,,19,,,19,,,20,,,19,,,21,,,21,,,20,,,21,,,22,,,20,,,19,,,19,,,19,,,19,,,18,,,18,,,18,,,19,,,18,,,18,,,18,,,18,,,17,,,17,,,17,,
"Turks and Caicos Islands",165,,,165,,,163,,,161,,,162,,,165,,,165,,,170,,,169,,,171,,,172,,,,,,,,,,,,,,,,,,,,,,,,,,,,,,,,,,,,,,,,,,,,,,,,,,,,,,,,,,,,,,,,,,,,,,,,,,,,,,,,,,,,,,,,,,,,,,,,,,,,,,,,,,,,,,,,,,,,,,,,,,,,,,178,,,178,,,178,,,178,,,178,,,178,,,177,,,177,,,177,,,177,,,177,,,177,,,178,,,177,,,177,,,176,,,175,,,176,,,176,,,177,,,177,,,177,,,175,,,176,,,176,,,176,,,176,,
"Tuvalu",,,,,,,,,,,,,,,,,,,,,,,,,,,,161,,,164,,,164,,,165,,,170,,,169,,,169,,,169,,,170,,,167,,,171,,,171,,,170,,,169,,,,,,,,,,,,,,,164,,,161,,,162,,,161,,,166,,,166,,,169,,,169,,,169,,,169,,,168,,,166,,,167,,,166,,,167,,,167,,,166,,,172,,,172,,,172,,,171,,,171,,,172,,,173,,,173,,,173,,,173,,,173,,,174,,,174,,,174,,,174,,,175,,,175,,,175,,,175,,,176,,,177,,,176,,,176,,,175,,,174,,,175,,,172,,,173,,,173,,,175,,,173,,,175,,,175,,,175,,,175,,
"Ukraine",71,,,78,,,72,,,71,,,74,,,69,,,62,,,57,,,51,,,56,,,58,,,62,,,62,,,76,,,76,,,76,,,75,,,76,,,74,,,70,,,70,,,68,,,65,,,62,,,67,,,65,,,63,,,64,,,65,,,63,,,64,,,62,,,62,,,62,,,62,,,62,,,61,,,61,,,69,,,68,,,72,,,73,,,71,,,74,,,70,,,66,,,64,,,64,,,65,,,68,,,68,,,70,,,66,,,70,,,69,,,70,,,71,,,69,,,68,,,65,,,61,,,63,,,67,,,61,,,62,,,,,,,,,,,,,,,169,,,168,,,168,,,168,,,161,,,155,,,148,,,134,,,135,,,144,,
"United Arab Emirates",16,,,16,,,16,,,16,,,16,,,16,,,16,,,16,,,16,,,16,,,15,,,15,,,15,,,15,,,14,,,14,,,14,,,14,,,14,,,15,,,15,,,15,,,15,,,15,,,15,,,15,,,14,,,14,,,14,,,14,,,15,,,15,,,16,,,16,,,15,,,15,,,16,,,16,,,15,,,14,,,14,,,14,,,14,,,14,,,15,,,15,,,16,,,17,,,15,,,15,,,15,,,17,,,17,,,17,,,16,,,16,,,16,,,16,,,16,,,15,,,16,,,15,,,17,,,17,,,17,,,16,,,16,,,16,,,16,,,16,,,16,,,16,,,16,,,16,,,16,,,15,,,15,,,15,,,16,,
"United Kingdom",6,,,6,,,6,,,6,,,5,,,6,,,6,,,7,,,6,,,6,,,6,,,9,,,8,,,7,,,8,,,7,,,10,,,11,,,10,,,10,,,9,,,10,,,11,,,11,,,11,,,11,,,11,,,11,,,11,,,11,,,11,,,11,,,10,,,9,,,8,,,8,,,8,,,8,,,9,,,9,,,8,,,8,,,8,,,8,,,8,,,8,,,7,,,9,,,9,,,8,,,8,,,9,,,9,,,9,,,9,,,9,,,9,,,9,,,8,,,9,,,9,,,10,,,10,,,10,,,9,,,8,,,11,,,11,,,11,,,11,,,11,,,11,,,11,,,9,,,9,,,9,,,9,,,10,,,10,,
"United Republic of Tanzania",77,,,74,,,76,,,76,,,77,,,75,,,73,,,77,,,81,,,83,,,87,,,88,,,81,,,88,,,92,,,91,,,94,,,78,,,75,,,82,,,72,,,74,,,70,,,70,,,77,,,75,,,76,,,78,,,82,,,76,,,78,,,71,,,73,,,80,,,82,,,84,,,90,,,92,,,86,,,82,,,86,,,85,,,84,,,83,,,86,,,85,,,86,,,85,,,84,,,85,,,81,,,80,,,70,,,85,,,87,,,87,,,84,,,84,,,86,,,87,,,89,,,90,,,90,,,87,,,85,,,85,,,84,,,85,,,83,,,82,,,85,,,80,,,78,,,80,,,81,,,84,,,78,,,83,,,76,,
"United States",4,,,5,,,5,,,5,,,6,,,5,,,5,,,5,,,7,,,7,,,7,,,6,,,7,,,5,,,4,,,6,,,6,,,6,,,6,,,5,,,5,,,6,,,6,,,6,,,6,,,6,,,6,,,5,,,5,,,5,,,5,,,5,,,5,,,5,,,4,,,4,,,5,,,5,,,5,,,4,,,4,,,4,,,6,,,6,,,5,,,4,,,4,,,4,,,5,,,5,,,4,,,4,,,4,,,4,,,4,,,4,,,4,,,4,,,4,,,4,,,4,,,4,,,4,,,4,,,4,,,4,,,4,,,4,,,4,,,4,,,4,,,4,,,4,,,4,,,4,,,4,,,4,,,4,,,4,,
"United States Virgin Islands",126,,,129,,,133,,,133,,,131,,,131,,,128,,,134,,,137,,,141,,,139,,,141,,,141,,,142,,,138,,,138,,,141,,,140,,,141,,,139,,,141,,,143,,,141,,,138,,,137,,,140,,,134,,,136,,,139,,,138,,,140,,,137,,,138,,,139,,,139,,,140,,,139,,,137,,,137,,,140,,,139,,,139,,,139,,,137,,,135,,,136,,,142,,,143,,,140,,,146,,,138,,,134,,,138,,,138,,,135,,,136,,,133,,,132,,,135,,,134,,,121,,,120,,,116,,,140,,,140,,,141,,,142,,,143,,,144,,,145,,,143,,,143,,,144,,,145,,,145,,,144,,,147,,,144,,,139,,
"Uruguay",62,,,55,,,59,,,63,,,71,,,64,,,64,,,63,,,62,,,66,,,63,,,64,,,60,,,54,,,58,,,54,,,54,,,53,,,54,,,54,,,53,,,54,,,54,,,48,,,53,,,52,,,51,,,52,,,51,,,51,,,56,,,59,,,55,,,57,,,56,,,56,,,56,,,56,,,59,,,59,,,62,,,56,,,58,,,56,,,57,,,56,,,55,,,55,,,55,,,56,,,52,,,54,,,54,,,54,,,56,,,56,,,58,,,55,,,56,,,55,,,58,,,58,,,58,,,55,,,50,,,53,,,55,,,53,,,54,,,54,,,55,,,55,,,54,,,55,,,54,,,54,,,55,,,55,,,54,,
"Vanuatu",122,,,119,,,121,,,118,,,121,,,121,,,123,,,124,,,124,,,123,,,118,,,117,,,115,,,120,,,146,,,144,,,145,,,160,,,152,,,152,,,155,,,128,,,126,,,127,,,123,,,138,,,131,,,125,,,137,,,124,,,123,,,125,,,125,,,129,,,127,,,132,,,132,,,132,,,133,,,137,,,135,,,135,,,132,,,126,,,131,,,127,,,134,,,134,,,133,,,137,,,142,,,137,,,134,,,136,,,137,,,134,,,132,,,130,,,131,,,131,,,131,,,129,,,129,,,120,,,128,,,130,,,130,,,130,,,134,,,128,,,129,,,126,,,131,,,129,,,128,,,127,,,129,,,131,,,128,,
"Venezuela (Bolivarian Rep. of)",39,,,39,,,37,,,36,,,36,,,36,,,38,,,37,,,37,,,37,,,39,,,42,,,43,,,42,,,40,,,44,,,44,,,45,,,47,,,52,,,56,,,60,,,60,,,54,,,48,,,46,,,45,,,47,,,47,,,48,,,49,,,49,,,52,,,55,,,55,,,61,,,60,,,64,,,65,,,71,,,74,,,69,,,72,,,78,,,80,,,86,,,90,,,87,,,86,,,87,,,88,,,87,,,88,,,89,,,89,,,91,,,91,,,93,,,97,,,94,,,99,,,108,,,108,,,130,,,132,,,123,,,110,,,111,,,112,,,111,,,109,,,108,,,106,,,103,,,103,,,103,,,103,,,105,,,106,,
"Viet Nam",28,,,29,,,28,,,26,,,26,,,25,,,25,,,25,,,25,,,24,,,25,,,25,,,27,,,22,,,22,,,22,,,22,,,21,,,20,,,19,,,18,,,18,,,18,,,18,,,18,,,20,,,20,,,22,,,20,,,22,,,22,,,22,,,22,,,22,,,22,,,22,,,19,,,17,,,17,,,17,,,17,,,17,,,16,,,17,,,17,,,17,,,14,,,14,,,14,,,14,,,14,,,14,,,14,,,14,,,14,,,14,,,14,,,13,,,13,,,13,,,13,,,13,,,13,,,11,,,11,,,11,,,7,,,8,,,9,,,9,,,8,,,8,,,7,,,8,,,8,,,7,,,6,,,6,,,6,,
"Wallis and Futuna Islands",158,,,158,,,159,,,164,,,163,,,166,,,166,,,163,,,163,,,161,,,164,,,166,,,167,,,170,,,169,,,169,,,169,,,170,,,162,,,165,,,165,,,170,,,169,,,,,,,,,169,,,169,,,164,,,161,,,162,,,161,,,166,,,166,,,169,,,169,,,169,,,169,,,168,,,166,,,168,,,167,,,168,,,168,,,167,,,172,,,172,,,172,,,171,,,171,,,172,,,173,,,173,,,173,,,173,,,173,,,174,,,174,,,174,,,174,,,,,,,,,,,,,,,,,,174,,,173,,,173,,,174,,,171,,,172,,,172,,,173,,,176,,,176,,,174,,,174,,,174,,,174,,,174,,
"Yemen",75,,,77,,,70,,,66,,,64,,,72,,,68,,,66,,,66,,,69,,,75,,,68,,,78,,,73,,,87,,,86,,,90,,,86,,,90,,,92,,,93,,,92,,,92,,,102,,,102,,,99,,,99,,,103,,,100,,,93,,,92,,,91,,,98,,,89,,,92,,,87,,,88,,,111,,,113,,,113,,,111,,,117,,,112,,,143,,,143,,,142,,,148,,,147,,,154,,,153,,,159,,,158,,,155,,,155,,,145,,,145,,,143,,,143,,,145,,,142,,,141,,,143,,,147,,,144,,,137,,,122,,,122,,,138,,,139,,,139,,,137,,,138,,,108,,,105,,,105,,,108,,,100,,,102,,,101,,
